10849, 12108, 8857, -13027, -5809, 9818, 562, -3463, -3956, -26, -1035, 501, -92, -885, -1271, 252, 656, 1670, 2222, 1869, 2573, 179, 4918, -5833, -23972, -32558, 25773, 13242, 12479, -23015, -7407, 2156, 2760, -1641, -1281, -2039, -2915, -992, -1008, -1008, -1008, -992, -992, -976, -976, -992, -992, -1040, -1008, -992, -1024, -1008, -1008, -992, -960, -1024, -1008, -976, -992, -992, -976, -976, -1024, -1008, -1024, -992, -1040, -1024, -1024, -1008, -1008, -992, -1024, -1024, 15218, 21718, 2471, 13856, -19871, 5748, 874, -6340, 1503, -1415, 684, -2049, -3097, -98, -2864, -1619, -130, -2731, 1175, -5163, -7172, -8881, -13808, -19650, -1676, -23296, -4361, 22216, -12495, 11866, -13311, 638, -624, -2250, 2308, -2610, -835, -690, -6654, 31818, 31818, -8706, -11018, -8546, -10938, -9490, -9994, -10442, -9742, -9398, -8462, -9746, -12126, -13218, -11990, -13950, -15702, -19698, -28426, 31818, 31818, -1362, 31817, -25846, -26318, 31818, -31730, -12870, -12278, -10610, -10638, -10810, -10262, -10582, -4372, 3300, -252, 16792, 19456, 11292, 9180, 7900, 8108, 12532, 9808, 10336, 8964, 9392, 10324, 9304, 10272, 10844, 10332, 9880, 6476, 4668, -5144, -6128, -11772, 7160, -1600, 7792, 3036, 2920, 21716, 12396, 11256, 8572, 9804, 9932, 7764, 14396, 12896, 2528, 12604, 8576, 9060, 6504, 9332, 10488, 11600, 9832, 9920, 10188, 10148, 10728, 10888, 10792, 11048, 11580, 11684, 10540, 9224, -2124, -2280, -884, 32767, 5384, 256, 448, 6244, 8976, 8080, 6324, 8964, 8348, 9272, 8440, 0, 0, 0, 0, 0, 0, 0, 0, 0, 0, 0, 0, 0, 0, 0, 0, 0, 0
-5477, -32558, 24794, 24882, 7499, -15237, -17085, 2829, 4692, 5161, -2418, 2240, -2893, 2075, 2014, 6195, 7626, 8789, -1785, -32558, -32558, -32559, 2253, 3671, -2501, 1648, -118, -6647, -3113, -5113, -5894, 5239, -22563, -18602, -18364, -13372, -1040, -1008, -1040, -1056, -1040, -1072, -1024, -1056, -1040, -1040, -1024, -1024, -1040, -1072, -992, -1024, -1072, -1040, -1056, -1024, -1040, -1040, -1024, -1040, -1040, -1056, -1024, -1040, -1056, -1056, -1040, -1024, -1056, -1024, -1040, -1040, -29212, -1357, -15324, 25541, 8804, 28138, -31521, -16550, 11481, -1476, -5105, -3798, -344, -6613, -13559, -10771, -9736, -17478, -19971, -17353, -32598, -32599, -26359, 12167, 10771, 21581, 17282, 23808, 25780, 12461, -7379, -8382, -3988, -1929, -5355, -11059, 5510, 31817, -1774, 19002, 31818, 31818, -17210, -4818, -5918, -10102, -10122, -11470, -17082, -18326, -22366, -22206, -27890, 31818, 31818, 17906, 31817, -9930, -1778, 13470, 10790, 1258, -15306, -16134, -19558, 31818, -16426, -10858, 2082, 3098, 14126, 9302, -1048, 5872, 12904, 10036, 3968, 12148, 25916, 10584, 10892, 12164, 8016, 9068, 9588, 9584, 8176, 2676, 3824, -3772, -9684, 7076, 9024, -5700, -1712, -5752, 2424, -1584, 5144, 5032, 9664, 26472, 32467, 12056, 5824, 8020, 16920, 4888, 7328, 16820, 1232, 6624, -2096, 13280, 13176, 8016, 10252, 11220, 11032, 9812, 13016, 9868, 13508, 12836, 8028, 3092, -7940, 16564, 20316, 13020, 3252, 10952, 15288, 12332, 7988, 10088, 19128, 15184, 18588, 9712, 6496, 12256, 12308, 11116, 0, 0, 0, 0, 0, 0, 0, 0, 0, 0, 0, 0, 0, 0, 0, 0, 0, 0, 0, 0, 0, 0, 0, 0
-32558, -14227, 24914, 17678, 13882, 9716, 16513, 19713, -12985, -26913, -8003, 88, 2705, -739, -2981, -3544, -1231, -2403, 2013, 8272, -351, -6510, -32558, -32559, 8584, 7443, -811, 7077, 15216, -5505, -6631, -15659, -30878, -32558, -30465, -30914, -18057, -30630, -1088, -1088, -1088, -1104, -1056, -1088, -1072, -1056, -1072, -1072, -1088, -1104, -1072, -1088, -1088, -1072, -1088, -1104, -1072, -1088, -1072, -1120, -1088, -1136, -1088, -1072, -1072, -1088, -1104, -1088, -1104, -1088, -1088, -1072, -1120, -1104, -1104, -1088, -25931, 9814, -32599, -3672, 21440, 16440, 16256, 18369, 9163, -8166, -12215, 4609, -2956, -3806, 1615, -1489, -3371, -7767, -14381, -26548, -13204, -31903, -32598, -32599, -944, 596, -32599, 21183, 14192, -6792, -9691, -246, 7559, -476, -9957, 2740, 345, -1803, 31817, 31817, 10150, 31817, -126, -21590, -27130, -28594, 31818, -22646, -11450, -12326, -13230, -13442, -13030, -15974, -20522, -25078, -25250, 31818, 31818, -1366, 31817, 31818, 6970, 23978, 1618, -12382, -29890, -12514, -8838, -10098, -4938, -1066, 2642, 9306, 11958, 16658, 2932, 20796, -964, 308, -3184, 7048, -4320, -848, 1104, 7692, 13800, 11492, 10796, 5192, 10108, 8620, 8892, 6848, 860, -5488, -3960, -8548, -3916, 5176, 8380, 308, 1460, 7692, -1800, 10716, 3712, 1936, 4064, 5100, 4032, 12672, 4996, 24480, 26264, 4564, 24044, 864, 14896, 12912, 5584, -8412, 5188, 7736, 8852, 8784, 8440, 8916, 9500, 10748, 11308, 11396, 7044, 6280, -10824, 7300, 32767, 6044, 8956, 4548, 21764, 20644, 6580, 10844, 4820, 6708, 6696, 10564, 5712, 12180, 8784, 3000, -132, -4075, -19174, -23539, -18020, -19528, -18447, -18278, -16135, -15409, -4652, 5797
-21735, -9003, -4532, 6013, -1994, 2239, 55, 9818, 19369, 9769, -6878, -13233, -7079, -30400, 17947, -8881, 59, -1609, 15967, 170, 19280, 9484, 16055, -1628, -2476, -5093, -7082, -7211, -7216, -12094, -22556, -6282, 23908, 906, 10, -1669, -2827, 6776, 9159, -1040, -992, -992, -992, -1024, -992, -992, -992, -992, -992, -1008, -992, -1040, -992, -992, -1024, -1024, -992, -1008, -1072, -1008, -1040, -1008, -1008, -1008, -1008, -1024, -1024, -1024, -992, -1024, -1024, -1008, -1040, -1008, -1008, -1024, -1008, -992, -28241, -1667, -12843, 5835, -3874, -11101, 3182, 32637, 15266, -6522, -4033, -9224, 13689, -22939, -32598, 30400, -23783, 3482, 14938, 14068, -4396, 18404, 1404, 1345, -3468, -1909, -3461, -3080, -5446, 1638, -18510, -11580, 13658, -10632, -4625, 5205, -6932, 16262, 6694, -3294, 12586, 31817, 31817, 31817, 22766, -4246, 4090, -10822, -13078, -8146, -10002, -19990, 14618, 31817, 31817, 26654, 21050, 15074, 7882, -15142, -9806, -10394, 1298, 6302, 9238, 4642, 1930, -2650, -13618, -1438, 18246, 27186, 19322, 28606, 18578, 17358, 15370, -5538, 25360, 18088, 3572, 3208, 8560, 7284, 7768, 5972, 27900, 23104, 17120, 21184, 32467, 16584, 5376, 10100, -536, -2952, 9748, 23496, 23688, 25272, 13904, 19672, 17400, 17136, 17116, 18708, 25336, 30096, 14752, 6116, 7444, 8820, 5280, 7776, 7124, 12340, 20240, -3968, -5440, -14184, -11092, -12876, -7976, -3860, 20548, 228, 1292, 2200, 2140, -4700, -7916, -9772, -10604, -6500, 688, -7712, -4956, -896, 936, -1728, -7184, -2900, -4988, 456, 1844, 24, -808, -8932, -5588, -7448, 2468, -5304, -2180, -2652, -5912, -1524, 0, 0, 0, 0, 0, 0
16557, 3065, -7223, 4172, 17908, 13991, 20286, 11346, 6268, -2406, -5614, -14878, -19272, -14451, -13858, 4869, 15678, -2701, 17655, 24540, 24710, -6547, 7716, -5079, -3339, -5914, -3417, -1669, -2879, 4255, -6116, -3681, -1629, -1996, 1171, -117, -485, -542, 1090, -944, -944, -976, -976, -976, -944, -944, -944, -944, -944, -944, -944, -976, -976, -944, -912, -944, -976, -960, -960, -928, -928, -960, -960, -960, -928, -960, -928, -896, -960, -960, -960, -960, -928, -928, -960, -960, -960, -960, 18952, 2425, -4008, 20612, 14506, 14388, 8580, 8562, 2144, -2119, -4739, -5708, -18744, -5688, -23368, -32598, 16874, 28082, 7368, 22620, 20452, -12694, 5684, -2047, -4475, -5032, -6383, -12895, -13493, -6992, -16703, 1873, -471, 10839, -5068, -1353, 1358, -3465, 2601, 31817, 31550, 26366, 9118, 8946, -7526, -6418, -13758, -4506, 3410, 2698, -11910, -15134, -10350, -858, 31817, 31817, 23154, -2266, -13130, -21806, -7990, 2694, 4630, 7646, 6298, 3882, 4662, 7242, 8738, 12030, 11718, 12690, 13234, 14842, 15238, 19158, 19458, 18174, 32467, -10716, 6984, 2240, 24120, 24284, 32467, 23208, 18648, 17732, 19512, 27732, 27232, 21616, 14292, 5748, 14296, -620, 12372, 25276, 26800, 22384, 19592, 16068, 12120, 12072, 11664, 13716, 9416, 14276, 12196, 10280, 9476, 9076, 9188, 5540, 7240, 4688, 5612, -10216, -9816, -8244, -4688, -2688, -4988, 3128, -4468, -5012, -7516, -5640, -256, -472, -3260, -3176, -5428, 0, 956, -3372, -6204, -1652, -3816, -6588, -5188, -3024, 688, -948, 1616, 204, 340, 2404, -308, 1944, 348, 876, 932, 364, -852, -2128, 0, 0, 0, 0, 0, 0
-5421, 3318, 4013, 905, -187, -7335, -7232, -7325, 15123, -19779, 11142, 24321, 20168, 4833, 2046, 1055, -1707, -3883, -4807, -7958, -12163, -14622, -20935, -4602, 18212, 9511, -13765, -199, 1761, -7482, -2775, -7954, -3311, 1484, -3837, 6071, 7382, -912, -944, -960, -896, -928, -896, -928, -928, -928, -960, -960, -960, -928, -960, -928, -928, -928, -960, -928, -928, -928, -928, -928, -928, -928, -960, -928, -928, -960, -944, -944, -944, -912, -912, -912, -912, -944, -10309, 5802, 4719, 1050, 3141, 1637, -14509, -16672, -32599, -26248, 24868, 21410, 32087, 1524, -4190, -6650, -7163, -1223, -10650, 375, -15784, -2676, -18918, -5541, -19346, 23926, -2547, -8291, 23728, -9721, 2705, -11404, -11048, -8824, -7364, 7625, -10892, 7374, 7246, 3226, 1878, -6382, 31818, -2218, 31817, 31817, 31817, 21190, -3458, -19778, -20230, -4970, 4386, 12362, 10390, 3254, -7558, -12526, -16934, -5598, 11270, 31817, 31817, 31817, 16006, 8682, 8758, 7462, 5606, 4850, 2202, 4938, 10978, 12206, 5136, 11780, 16428, 17208, 18964, 32168, 27140, 4908, 21440, -5388, 10068, 19328, 32467, 21480, 18696, 17608, 13760, 18304, 15520, 22412, 24460, 26564, 9580, 8068, 3020, 9612, 13496, -5124, 10272, 15784, 15920, 13404, 11844, 9256, 10056, 10436, 5440, 808, 1408, 2304, -1288, 228, 6064, -7776, -14728, -4264, -7784, 4440, -11040, -4932, -248, -3044, -3340, -5460, -2104, -1308, 1612, 1020, -2808, -3156, 312, -7848, -13256, -852, -4628, 788, -3824, 2236, 3672, -776, 1456, 1088, -4612, 1256, 0, 0, 0, 0, 0, 0, 0, 0, 0, 0, 0, 0, 0, 0, 0, 0, 0, 0
19319, 5495, 3262, 5306, 653, -6207, -4590, 1043, -3097, -1930, -2832, 106, -1180, -951, -3187, -13252, -14692, -32558, -32558, -32558, -25238, -19449, -11459, 8506, 10314, 17508, 17882, 19826, 15143, 21492, 20868, 11164, 10428, 8314, 874, 373, -3885, -4565, -1264, -1264, -1264, -1296, -1280, -1280, -1280, -1280, -1264, -1264, -1264, -1264, -1248, -1280, -1280, -1264, -1264, -1200, -1280, -1280, -1248, -1232, -1232, -1280, -1264, -1280, -1280, -1280, -1248, -1264, -1264, -1264, -1280, -1280, -1312, -1264, -1264, -1248, 624, 20039, 11151, 11994, 10835, 7276, -581, -5797, -2644, -4524, -3109, -5434, -4278, -3600, -7890, -13366, -14541, -15487, -32598, -32598, -26504, -15980, -24272, 9782, 10587, 14862, 20461, 27545, 18341, 7188, 13659, 20539, 5081, 598, 9190, 5551, 3507, -950, 21322, 18346, 21814, 17598, 18450, 14182, 14750, 14882, 14866, 16130, 15450, 15914, 16026, 15722, 15894, 16470, 20302, 22054, 20798, 16962, 20262, 18246, 10930, -658, 1610, 5306, 6246, 11418, 11078, 11898, 19914, 18478, 17638, 18726, 16766, 17082, 15410, 15410, 20144, 10364, 9896, 9760, 12160, 6172, 5992, 3816, 3196, 3176, 3180, 3652, 4920, 8672, 23444, 26760, 31236, 32467, 23320, 5292, -2920, -2404, -5740, 4240, 1424, 1820, 9880, 17888, 21372, 18976, 18188, 15404, 11728, 11736, 8032, 7636, 6036, 6468, -8708, -3084, -4808, -5560, -2400, 708, -2128, -344, -928, -536, 40, -808, -556, -2352, -4040, -8476, -16352, -20228, -18440, -10704, -5632, 1700, 8484, 7740, 5392, -352, -2820, -9192, -3152, -2848, -6640, -5180, -4924, -4844, -2916, -2508, -704, -492, 0, 0, 0, 0, 0, 0, 0, 0, 0, 0, 0, 0
26740, 18475, 24330, 18831, 8759, 7153, -10456, -3311, -954, -1563, -1709, -2139, -1367, -550, -1277, -923, 55, -381, -243, -474, -245, -320, -939, -392, -739, -522, -641, -623, -583, -606, 507, 225, 833, -3287, -8159, -13954, -31492, -32558, -32558, -1216, -1200, -1184, -1184, -1216, -1152, -1216, -1216, -1184, -1184, -1184, -1184, -1232, -1200, -1200, -1168, -1200, -1200, -1184, -1184, -1216, -1184, -1184, -1184, -1184, -1152, -1184, -1184, -1152, -1184, -1216, -1168, -1200, -1200, -1216, -1200, -1184, -1216, -1152, -32599, 222, 16683, 7702, 1548, 2460, 16843, -8521, -4971, -628, -2609, -3555, -1454, -3628, -1458, -2079, -1520, -1959, 216, 1084, 160, 483, 361, -372, 8, -1405, -443, -441, -1030, -425, -268, -1442, -4692, -13422, -8899, -19758, -20011, -26755, -19931, 3630, 8298, 18142, 24302, 22918, 16070, 15358, 16830, 13958, 13246, 14998, 15338, 16390, 15426, 15718, 15802, 15862, 15742, 14990, 14102, 15290, 15450, 14806, 15174, 14998, 15138, 15218, 15310, 15210, 15222, 15046, 14854, 15730, 15450, 14986, 22782, 29190, 23682, 15462, 13468, 16452, 9360, 16692, 14076, -936, 13736, 7636, 4996, 4208, 3420, 2848, 2052, 2480, 2372, 3576, 3260, 4772, 3216, 2792, 4368, 4928, 4652, 4816, 4728, 4676, 4572, 4608, 4692, 4860, 4588, 5340, 10536, 14752, 28064, 27836, 28896, 14860, 6740, -5512, -6024, -8080, -10296, -7260, -6580, -3744, -1924, -1280, 1400, -1076, 164, -40, 84, -244, -648, -1508, -1792, -672, -3160, -1384, -1540, -1340, -1380, -948, -1492, -1144, -1356, -1456, -1520, -1320, -1484, -4044, -5572, -8368, -16588, -18012, -19408, -7968, 0, 0, 0, 0, 0, 0
-32538, -32558, 2744, 20774, 24191, -32559, -32559, -32559, 24509, 24249, 12093, 9771, 8612, -3647, -2385, -1570, -2208, 412, 1689, 1993, 4043, -6276, -8866, -32558, -32558, -32558, -32558, -22410, 4661, 32593, -32559, -32594, -32559, -32559, -32559, 19171, 18158, 9831, -1104, -1120, -1088, -1120, -1104, -1104, -1120, -1120, -1088, -1120, -1088, -1072, -1072, -1104, -1104, -1104, -1088, -1088, -1072, -1104, -1104, -1088, -1088, -1088, -1088, -1120, -1104, -1104, -1104, -1120, -1088, -1088, -1104, -1104, -1088, -1088, -1104, -1104, -32598, -32598, 30885, 8065, 17017, 27953, 19531, 25013, -4738, 11607, -5345, 10234, 8960, 5757, 4773, -835, 21, 2724, -7879, -1325, -13451, -21804, -32598, 27884, 6846, -27362, -28883, -13047, 2624, 27588, 1562, 21216, 22263, 31244, 17584, -9948, -12168, -982, 29394, 25310, 19590, 1210, 6246, 11606, 13174, 13750, 17630, 20538, 17034, 18746, 17266, 13790, 16354, 15338, 15782, 15910, 15338, 16274, 15362, 18026, 25138, 19754, 18970, 28294, 29450, 31817, 16534, 8250, 7190, 7654, 21014, 16546, 31334, 21470, 22478, 18990, -31704, -23816, -9976, 6976, 2348, 8624, 10616, 16448, 24896, 26056, 16912, 12132, 8212, 9948, 7024, 4684, 3804, 4384, 4928, 4948, 13696, 32467, 32052, 32467, 30948, 13240, -15864, -17056, -13116, 12448, 4368, 1448, 12480, 14476, 24660, 23260, 17052, 4952, -12312, 19908, 3440, 8952, 1864, -8848, -7240, -17924, -15516, -15484, -7264, -4100, -6040, 1088, 212, 1240, 1208, -644, 692, -4664, 2772, -10160, -4744, -9000, -27956, -12112, -6484, 13848, 16440, -1108, -2104, -3212, -14036, -6584, -23100, -10748, -5280, -2280, 0, 0, 0, 0, 0, 0, 0, 0, 0, 0, 0, 0
-32558, 26248, 6512, 5110, 12318, 10169, 7743, 2566, 8283, 16361, 28102, -32559, -32559, -32559, -12016, -4692, -20691, -32558, -32558, -32558, 18830, 6662, -6149, 14989, 22079, 15995, 7048, 6601, 7064, 1958, -13741, -11240, 82, -11555, -20127, -6413, 1060, -2699, 1126, -1248, -1264, -1248, -1264, -1264, -1248, -1232, -1280, -1248, -1232, -1232, -1248, -1264, -1280, -1232, -1232, -1248, -1264, -1280, -1248, -1232, -1280, -1248, -1264, -1264, -1248, -1264, -1264, -1248, -1296, -1280, -1280, -1264, -1264, -1280, -1264, -1248, -1312, -1264, -32598, -32599, -21417, -4993, 11304, 17307, 12384, 23317, 17280, -869, -12556, -20308, -31975, -3607, -21187, -16506, -6570, -29534, 7029, 10575, -32599, -32599, -20765, 28809, 29584, 31602, 11424, 9421, 11201, 13119, 4597, -16948, -9420, 17379, 17483, -4308, -7002, 3363, -269, 31817, -3102, -3674, 414, -7830, -6210, -7010, -4562, -6210, -9954, -15746, -25218, -25866, -28350, -13202, -15958, -19122, -8038, 1594, 31817, 31817, -32358, -1206, 790, 2938, -7778, -9322, -13674, -13174, -20778, -23162, -24062, -21558, -18450, -14058, -10914, -12022, -12086, -12070, 30068, 22944, 2460, -3900, 2024, 3984, 5260, 4204, 11216, 10344, 3904, 1416, -11380, -22928, -8524, -23620, -22440, -23508, -22384, 32467, -5964, 21800, -2376, 6664, 9876, 7912, 6480, 2792, 1500, 4592, 14548, -576, -6112, -1920, 11784, 6752, 10744, 10860, 9492, 32767, 26276, 22196, 17332, 21192, 15636, 18256, 11244, 6208, 7720, -1164, -7312, -19528, -19376, -14700, -16968, -22364, -28856, -26068, -16548, 5912, 32767, 21916, 12596, 16752, 13940, 8628, 9240, 848, 2776, 8928, 2880, -472, 13540, 13524, 4404, 8640, 11176, 8460, 0, 0, 0, 0, 0, 0
976, 13791, 3581, 17267, 23928, -32559, 19541, 25551, -23102, -23915, -16198, -28137, -18696, -8892, -32558, -32558, -32558, -32558, 14801, 12506, 9009, 16137, 17958, 10979, 13645, 14259, 20158, 27590, 29485, 9336, 5035, -750, -30397, -9078, -7574, -3680, -3153, -1296, -1264, -1280, -1280, -1264, -1296, -1280, -1328, -1280, -1280, -1296, -1248, -1264, -1264, -1248, -1264, -1280, -1248, -1296, -1296, -1280, -1264, -1296, -1280, -1264, -1248, -1264, -1264, -1280, -1296, -1312, -1280, -1296, -1280, -1264, -1280, -1264, -839, 29435, 2496, 18151, 30226, -5295, -18019, -18831, -13591, 11024, -12368, -8469, 537, -15297, 1642, 22015, -32599, -26982, 22087, -3204, 23399, 24531, 24003, 3929, -2746, -3455, -12769, -16981, -16837, -4242, 14107, 25137, 25658, 5590, -631, -703, 5786, 10022, -12166, 6022, 4202, -934, -15190, -17382, -15290, -18850, -19098, -17686, -15810, -11866, -16342, -20046, -1358, 31817, 26322, 5982, -1326, 2946, 4878, -5446, -6222, -10498, -15078, -15706, -17142, -20286, -20670, -12118, -13234, -18614, -17570, -15030, -12542, -12182, 15184, 26144, 1192, 5640, 7496, 3624, -16176, -23176, -20880, -5380, -1572, -5092, -4756, -10488, -19084, 316, -7604, 22720, 20112, 15628, 11508, 11740, 15744, 11912, 7828, 7424, 2040, -2092, -4044, -10132, -12620, -4768, -11312, 5144, 7428, 5304, 5056, 4280, 32767, 15816, 23336, 16248, -5784, -21008, -25740, -12752, -13788, -48, -4592, -6160, -15280, 1848, -10316, -21960, 32767, 22116, 29984, 18648, 15812, 9880, 8940, 5496, 5800, -2552, -6568, -4336, -10268, -19260, -684, 18540, 7380, 9684, 8436, 7788, 0, 0, 0, 0, 0, 0, 0, 0, 0, 0, 0, 0, 0, 0, 0, 0, 0, 0
21667, 15830, 15653, 8021, 18349, 16047, 12081, 9925, 5024, 3555, 3282, -1518, -1284, -9, -1560, -32558, -32558, -21204, -17033, 1930, 15285, 16858, 21987, 21404, 25889, 23091, 16422, 17637, 13921, -2022, -8449, -16761, -23829, -32558, -32558, -32558, -32558, -1598, 19345, -1216, -1184, -1232, -1200, -1200, -1200, -1184, -1216, -1216, -1216, -1232, -1200, -1200, -1216, -1216, -1232, -1216, -1216, -1216, -1200, -1216, -1232, -1264, -1232, -1184, -1216, -1200, -1232, -1216, -1216, -1248, -1232, -1232, -1200, -1216, -1216, -1184, -1200, -1200, 29296, 2993, -3959, 3209, -6065, -3871, 695, -5524, -1940, -6358, -1610, 1680, -3516, -9788, -21279, 4351, -11043, 9797, -30334, 8362, 3975, 2966, 5195, -1752, -12162, -5650, -9945, -10923, 3397, 63, -5618, -7816, -1237, -351, 9413, 19575, -7663, -31680, 20433, 1362, -15442, -12998, -15398, -15006, -15138, -17338, -17102, -17790, -18410, -18082, -16998, -19406, -20226, -22534, -19666, 3654, 31817, 10678, 4102, -6906, -11466, -17546, -21378, -19638, -23650, -20418, -19830, -18534, -18122, -21510, -20670, -17046, -11666, -4334, 26506, 31817, 4490, -8794, 32467, 11928, 984, 6868, 3644, 1976, 3024, -1440, -1904, -5796, -8940, -9132, -9636, -16436, -24600, -9392, -7900, 12480, 32467, 4196, 6104, 4332, 3128, 2860, -1360, -260, -2152, -8192, -7920, -8436, -14060, -15076, -13808, -9004, -4836, -3364, 32467, 9780, 15516, 7532, 12676, 9180, 12088, 7604, 4184, 860, -360, -92, 64, -2036, -2236, -1600, -11988, -15080, -4468, 1596, 13608, 32767, 9368, 14580, 12544, 9988, 6256, -2532, -3064, -4952, -12812, -6180, -6960, -8268, -11060, -8896, -6364, -3608, -6044, 29008, -6504, 27920, 0, 0, 0, 0, 0, 0
-13882, 3407, -2875, 4254, 4018, 533, -1496, 1665, -4906, -1829, 8456, 14896, 9142, 5578, 1519, 6251, 12364, -2605, 2235, 1288, -2360, -2935, 15123, 15668, 28408, -32558, -4541, 3757, -8840, -12246, -4982, -3470, 649, -3184, 825, 766, -2925, -4100, -1168, -1152, -1200, -1152, -1152, -1168, -1200, -1152, -1184, -1152, -1200, -1168, -1216, -1184, -1168, -1200, -1184, -1184, -1200, -1200, -1168, -1184, -1184, -1168, -1184, -1152, -1168, -1152, -1184, -1168, -1168, -1152, -1184, -1136, -1200, -1184, -1184, -1168, -32598, -32599, -2902, -1029, -2890, 1116, 6457, 1118, -5493, -9611, -10367, 26868, -32598, -32598, 25464, -32599, -9108, 820, -1313, -7610, -11234, -13101, -6313, 9777, 29500, -15156, -12366, 25230, 8418, 8617, 13629, -2708, 961, 5622, -2363, -4349, -907, -3052, -5154, -20734, 32590, -14542, -8538, -7634, -7782, -5230, -24914, 31818, -28418, 31817, 31817, 31817, -5262, -26726, -23570, -16314, -9718, -12646, -17782, -26602, -31162, 4790, 31817, 31817, 24454, -17534, -31082, -14502, -9286, -6538, -6526, -5642, -4618, -3606, -3114, -3446, 9596, 13828, 14696, 17064, 22664, 14508, 11252, 16908, 27484, 20024, -9336, -3880, 21520, 22024, 260, 8392, 7516, 15860, 18268, 16076, 15160, 17416, 5460, 976, 32467, -9876, 336, -1616, 5564, 18068, 22420, 21456, 14328, 15392, 16408, 15184, 15516, 14484, -20812, 10784, 9388, -4776, -4152, -4172, -4976, -7396, 8072, 10456, 11512, -27788, -32768, -30536, 32767, 12620, 2900, -476, -5104, -2068, 5084, 16352, 1928, 4492, -32768, -6700, 2620, 14432, 16056, 6692, 8228, -4176, -640, -2644, -4420, -3840, -3528, -3048, 0, 0, 0, 0, 0, 0, 0, 0, 0, 0, 0, 0
-2955, 7265, 16268, 11954, -1997, -3325, -1779, -1258, -2342, -4185, -13178, -21190, 21388, 20678, 10231, -32292, -12810, -2849, 4039, -905, -4138, 1012, 3733, 1104, -2037, 4892, 1214, -1918, 191, 207, 811, 1330, -832, -1443, -2454, -2154, -871, -1086, -1200, -1232, -1216, -1216, -1200, -1200, -1216, -1168, -1200, -1184, -1200, -1200, -1216, -1184, -1232, -1232, -1184, -1200, -1200, -1184, -1232, -1216, -1216, -1200, -1216, -1168, -1200, -1216, -1232, -1232, -1216, -1200, -1200, -1216, -1216, -1200, -1216, -1216, 13618, -32599, 2074, 5847, -138, -4612, -8528, -5762, -5781, -7133, -20311, -25370, -32598, -32599, 13264, -8781, 3779, 12051, 8938, 14662, 12109, 6571, -3890, -8667, -10301, -5197, 438, 4270, -2563, 410, 1076, -2824, -1770, 156, -676, -2092, -3012, -461, -12734, -22622, -20174, -14158, -13534, -12102, -11110, -9230, -10378, -14978, 31818, 31818, -8774, 31817, 11526, 24606, -1358, -12018, -13894, -16818, -11946, -13270, -10882, -10402, -6542, -3542, -4886, -3682, -3994, -5282, -5282, -5482, -5670, -6058, -5306, -5050, -4962, -5342, -4596, 8928, 13452, 19980, 16732, 11672, 13228, 17400, 12976, 12892, 25204, -14684, -21300, 32467, 32467, 5356, -476, 9424, 12152, 17148, 15000, 15800, 18756, 15164, 14012, 16064, 12912, 16236, 15752, 13024, 15532, 16304, 14820, 15596, 15532, 15780, 15004, 14356, 20764, 10052, -4700, -10868, -6884, -4300, -3900, -3640, 20, 2252, 21824, 8556, 15372, -11540, -16316, -2056, 11616, 4248, 176, 8540, 692, -1112, -3036, 16, 164, -4960, -664, -2956, -3076, -728, -2468, -2192, -2304, -2168, -1936, -1944, -1396, -324, 0, 0, 0, 0, 0, 0, 0, 0, 0, 0, 0, 0
-10335, -7139, -7098, 9007, 2588, -1787, -6291, -22395, -18092, 29498, -32558, -16446, 605, 3644, 1664, 7220, 9304, 13256, 3157, -7679, -5647, -1268, -884, 2187, 7711, 17729, 9095, -17767, -12076, -2669, -5484, 7577, -527, -773, -773, -2711, 1310, -1248, -1232, -1216, -1232, -1216, -1216, -1232, -1200, -1248, -1232, -1216, -1248, -1232, -1232, -1264, -1216, -1248, -1232, -1232, -1248, -1216, -1232, -1216, -1248, -1216, -1232, -1232, -1248, -1248, -1264, -1216, -1232, -1248, -1248, -1264, -1216, -1200, -7318, 6062, 10956, 18771, 2041, 2235, -9984, -32598, -32598, -32599, -17372, -32598, 14166, 15809, 17495, 8538, 3780, 1331, 4350, -6157, -24448, -24871, -2349, -4642, 11799, 13494, -13299, 2633, -3146, 6361, 10770, 15964, -8966, 273, 223, 3912, -4172, -14542, -14454, -14654, -9494, -12906, -14106, -13906, -23958, -23142, 31817, 31817, 18830, -6466, -13030, -13854, -13018, -11938, -6686, -13126, -16502, -17790, -20278, -22110, -9390, 17402, 31817, 17334, 17790, 10394, -1702, -11474, -11690, -9310, -7406, -6254, -3962, -1446, 5412, 13188, 17368, 23524, 17240, 20956, 28748, 25864, -14892, 32467, 22464, -10816, 3744, 13064, 14832, 25148, 15364, 26640, 21380, 22988, 22452, 3388, 7428, 3968, 1608, 12752, 10156, 17560, 11076, 12984, 17600, 22764, 17216, 18588, 17128, 15492, 15608, 16240, 12964, 9840, -4220, -2728, -2264, 1880, 10488, 12864, -32768, -31172, 2496, 15236, 9156, 1088, -5484, -3868, 9824, -3080, 3920, 6580, 12324, 11768, 5104, -9416, -31404, -25848, -1268, -8540, 1904, 3572, 7812, -56, -1852, -1672, -660, -5164, 0, 0, 0, 0, 0, 0, 0, 0, 0, 0, 0, 0, 0, 0, 0, 0, 0, 0
-10580, 16575, 20468, 31026, 18074, 21385, 22252, 14320, 17812, 16187, 13533, 12822, 27862, -32558, -26872, 21293, -32559, -32559, 26443, 29295, 27638, 28190, 24704, 19793, 12318, 25718, 2492, -32558, -32558, -32558, -31347, 17793, -32559, -32559, -32559, 23263, 22310, 17221, -1008, -1024, -992, -1024, -1056, -1024, -992, -1008, -1040, -1008, -1008, -1040, -1040, -1024, -1024, -992, -1024, -1008, -1008, -1008, -1024, -1024, -1056, -1024, -1056, -1056, -1024, -1024, -1056, -1072, -1072, -1008, -1008, -1056, -1040, -1024, -1008, -1024, 9610, 2896, -32599, -32599, 281, 5184, -9902, 12863, -3085, -4058, 9927, 16160, 1917, -16413, -14367, -4239, -32599, 15611, -23518, -1677, 6491, 7126, 2165, -3316, -2987, -32598, 8198, -5309, 2484, -32599, -32598, -6752, 3729, -32599, 31696, 11103, -3172, 2783, 31817, 9290, -11450, -18862, -7922, -7686, -9614, -9318, -10762, -10146, -13430, -18106, 31818, 31817, 31817, 31817, 258, -6810, -16990, -9394, -7262, -9630, -11166, -15538, -17218, 32750, -29530, -22614, 9814, 31817, 31817, 31817, 16590, -1170, -13910, -16694, -16774, -13582, -13812, 16684, 24824, 20260, 13448, 10308, 13308, 11024, 15752, 12868, 11152, 11812, 11476, 12600, -3012, -7876, 10000, 30916, 22252, 16360, 13904, 13552, 16996, 11756, 15400, -224, 32467, 32467, 32467, 26276, 348, -10328, 7100, 26964, 24620, 22488, 18044, 14088, 68, 8984, 11816, 912, 7460, 1276, -88, 1316, 724, 2636, 1436, 60, -20176, -32768, -32768, 6264, 4292, -1612, -1852, -1016, -1044, -572, -5696, -2012, -11384, -20784, -24748, -32768, -31156, -32768, 12988, 20256, 2568, -2476, -15952, -8112, -10604, -2524, 0, 0, 0, 0, 0, 0, 0, 0, 0, 0, 0, 0
-32558, -32558, 2037, 25361, -32559, -32559, 16079, 16161, 8768, 6358, 6701, 2189, 3550, 6944, -32558, -32558, -32558, -32558, -18470, 20036, 26355, -32559, -32559, 28405, 24334, 17527, 10876, 7778, -2434, -8013, -32558, -32558, -32558, -7094, 22392, -32559, 28621, 18266, 11381, -896, -912, -896, -864, -928, -896, -896, -912, -912, -928, -896, -928, -912, -880, -912, -896, -896, -896, -912, -912, -896, -928, -896, -896, -944, -912, -928, -928, -896, -880, -848, -944, -912, -928, -896, -912, -912, -912, -880, 23364, -32598, -13848, -32599, 16474, 25167, -3216, -6393, 1142, 2145, 5941, 7434, 1822, -11521, -32386, -10080, -9363, -24734, -19287, -8159, -32712, 27090, 31512, 17459, -7274, 1097, 4034, 6772, -2498, -18916, -16385, -55, -32598, -3757, 3511, -32599, 8600, -632, -17823, -1426, 31817, 31817, 23714, 2562, -25762, -18646, -15246, -12446, -9954, -10158, -11778, -21426, 32086, -21474, -202, 18470, 28338, 31817, 18074, 6954, -2834, -5086, -9110, -9762, -11090, -15890, -21718, -28706, 31818, -19486, 12214, 31817, 31817, 19778, -14822, -9998, -6214, -5714, 32467, -26260, -29192, 16608, 32040, 30852, 12796, 16684, 11304, 13880, 15588, 18964, 17784, 32467, 32467, 24448, 15360, -4656, -13540, -7064, 15884, 17604, 27716, 21264, 23044, 15872, 18784, 20328, 26884, 26700, 32467, 32467, -19504, -15764, -5720, 30672, 21116, 30452, 22804, -32768, -28900, 8836, 1492, -13820, -9300, -4120, 1072, 5912, 2120, 2364, -844, -5972, -26108, -25332, -25020, -9312, -5888, 792, 1336, 8504, -4044, -7032, -2188, -6788, -4908, -3128, -5668, -12624, -21608, -30128, -25808, -2716, 2272, 5688, -7048, -7360, 2940, -1752, 0, 0, 0, 0, 0, 0
23910, -32558, -32559, -32559, -32559, 29275, 9524, 13037, 9552, 7249, 9084, 5031, 2503, -11008, -15498, -32558, -32558, -32558, 16156, 30737, -32559, -32559, -32559, 22071, 16900, 12653, 11796, 4711, 795, -3757, -3843, -32558, -32558, -32558, -32558, 23321, 24559, -32559, -32559, -1024, -1008, -1056, -1040, -1024, -1040, -1008, -1040, -1040, -1056, -1056, -1024, -1024, -1056, -1024, -1024, -1024, -1040, -1040, -1040, -1072, -1040, -1040, -1024, -1072, -1056, -1056, -1056, -1056, -1024, -1088, -1056, -1072, -1072, -1040, -1056, -1040, -1056, -1024, -32598, 3857, 15401, 26505, -32599, 18980, 22888, -7973, 4376, 7152, 3188, 5287, -9165, -7257, -10371, -20457, -3695, -14055, -30985, 16808, -32599, -32599, 24448, 14453, -3325, 10713, 2968, -6600, -10346, -3294, -14832, 1046, -9250, -20389, -14530, -8043, 22117, -32599, 17955, 31818, -22826, 20742, -190, -14126, -17926, -14170, -9590, -8906, -7794, -9982, -14866, -17490, -22074, -21910, -15258, 8686, 31817, 31817, 16570, 4562, -1670, -7058, -11914, -9850, -10538, -11522, -10170, -9426, -11238, -13018, -18198, 11098, 31817, 31817, 31817, 16150, -494, -6642, 17056, 32467, 11508, 20880, 29696, 28532, 15884, 19360, 16980, 19128, 19400, 23616, 24444, 26008, 32467, 23024, 11812, 2128, -18748, 2980, 9696, 26304, 20392, 20724, 18772, 20924, 16460, 17492, 15120, 18344, 18784, 32467, 29384, -4216, -2568, -3404, 9644, 13620, 27464, -32768, -32384, -10496, -6860, -5700, -13272, -7636, -1296, -424, 2708, 2132, -924, -3940, -6992, -23640, -29004, -16308, -22676, 28412, -1288, -1252, -5908, -9696, -9540, -5448, -4276, -5480, -4268, -5356, -4540, -4812, -32768, -32152, -21180, 1200, 26048, 5436, -4228, -6124, 0, 0, 0, 0, 0, 0
-32558, -32558, -14346, 13795, 22580, 26417, 25524, 21529, 26607, 21213, 16878, 13008, 3264, -9265, -23869, -20217, -21394, -21328, -23405, -20302, -8375, -10171, 6319, 8676, 13390, 21815, 20639, 16155, 13169, 7028, 4238, -2289, -4902, -7826, -7451, -14793, -24226, -1072, -1072, -1072, -1104, -1072, -1040, -1072, -1120, -1104, -1056, -1104, -1088, -1072, -1088, -1104, -1072, -1072, -1088, -1056, -1072, -1088, -1072, -1088, -1072, -1056, -1056, -1072, -1088, -1072, -1088, -1088, -1072, -1088, -1104, -1088, -1104, -1072, -32598, 17416, -32599, 9615, 21246, 3042, -1466, 1604, -1995, 3387, 2470, -2353, 736, 447, 3126, -6001, 11045, 13785, 9693, 18178, 12585, 763, 3878, -1717, 2395, 4373, 6215, 9127, 1478, -1542, 1038, -525, 2683, 3477, 5349, 3840, -8014, 31817, 31817, 22786, 9066, -4130, -4842, -7046, -5986, -8750, -10290, -10718, -11270, -10446, -8134, 1118, 8126, 6394, 5290, 5634, -170, 3302, 10, -958, -3502, -314, -3102, -5594, -5650, -8554, -7610, -8318, -7434, -8338, -9790, -11758, -11794, -7314, -13148, -31492, 4200, 18612, 11000, 3492, 4564, 5684, 8816, 11708, 11872, 10472, 13960, 9224, 4964, -4848, -5820, -5472, -5404, -9568, 1400, 9836, 9212, 14132, 13720, 13984, 12816, 11056, 11100, 6584, 124, -1160, -728, 944, 4372, 2756, 516, -14880, 20356, 32767, 32767, 28316, 20700, 18436, 17960, 14868, 16068, 9552, 10600, 764, 3868, 3952, 3596, 5484, 14924, 16836, 31628, 26588, 29688, 26936, 28780, 21040, 14632, 13972, 11568, 13400, 8608, 10360, 10420, 9708, 10820, 9080, 12404, 13676, 0, 0, 0, 0, 0, 0, 0, 0, 0, 0, 0, 0, 0, 0, 0, 0, 0, 0
-17985, 1132, 17889, 28893, 25373, 19804, 15547, 11055, 4208, 1633, -2605, -5822, -21569, -32558, -22060, -17308, -7719, -6215, 2363, 18183, 26076, 21993, 23672, 14834, 10674, 8079, 7483, -4783, -12504, -15977, -17377, -13345, -3073, 2661, 6417, -1067, -933, -1056, -1024, -1024, -1072, -1040, -1024, -1056, -1040, -1040, -992, -1024, -1040, -1040, -992, -1024, -1072, -1040, -1040, -1056, -1024, -1008, -1040, -1056, -1056, -976, -1008, -1024, -1024, -1072, -1040, -1008, -1040, -1024, -1056, -1072, -1040, -1040, -32599, 15724, 1947, -14177, -8410, -9367, -1847, 1854, 1982, 918, 7036, 14059, 15751, -75, 1064, -32599, 12458, 2008, 2644, 7864, 8380, -3188, -8389, 3506, 4587, 3544, 4484, 3676, 9566, 5350, 7075, 24466, 14661, 225, 462, 3890, 2171, -16730, -6526, -9082, -8586, -6550, -7754, -9834, -11598, -12742, -12266, -13946, -9602, -82, 8622, 5926, 3286, 10, -2826, -5530, -7082, -8926, -8090, -6918, -6098, -6054, -7110, -8274, -5982, -4386, -774, -5778, -8506, -10274, -12290, -10014, -8510, -6970, 19364, 27344, 23168, 10224, 5792, 1716, 3152, 2836, 5016, 4448, 10616, 9672, 11276, -1616, -3504, -7300, -6424, -3848, -904, 16804, 27520, 27844, 18784, 13036, 13300, 3900, 7044, 3312, 2504, -12, -1172, 7756, 15636, 9936, 10012, 7920, 7992, 32767, 32767, 29344, 18592, 10436, 10112, 8720, 8692, 9444, 8772, 10180, 2292, 268, 6428, 15116, 21836, 26100, 32767, 32767, 32767, 20820, 16336, 10512, 11132, 9956, 11124, 6580, 5864, 7472, 5700, 21440, 21976, 25448, 20208, 15244, 14088, 14008, 0, 0, 0, 0, 0, 0, 0, 0, 0, 0, 0, 0, 0, 0, 0, 0, 0, 0
-32558, 15452, -32559, 31367, 26741, 21581, 13262, 6092, 2825, -1175, -993, -2380, -5309, -3033, -901, -5521, -5135, -7698, -12449, -16004, -17012, -20244, -13365, 51, -237, 23134, 26429, 29550, 9285, -4371, -6770, -9109, -5256, -9022, -11244, -12248, -11907, -928, -976, -976, -976, -976, -944, -976, -976, -976, -960, -944, -960, -976, -960, -976, -960, -928, -992, -960, -960, -976, -976, -944, -976, -976, -944, -944, -944, -960, -992, -992, -960, -944, -960, -976, -928, -944, 7702, -32599, -17526, -21718, -7130, -15944, -581, 12106, 5473, 4451, 3502, 4993, 8281, 581, 2299, 6345, 2420, 8811, 7416, 9563, 18408, 14300, -6881, 9395, -32709, 12222, -546, 367, -17839, 12131, 16009, 17556, 7730, 16465, 8781, 4824, 9972, 31817, 1770, -9278, 1562, -1566, -7258, -8982, -10206, -9890, -11278, -9146, -10642, -9686, -10334, -11714, -11954, -10266, -8762, -7618, -6686, -5850, -2070, 1310, 3974, -1602, -6662, -15742, -8642, 218, -5206, -6566, -6314, -6910, -8182, -7582, -3854, -7018, -26724, 32467, 16984, 7772, 5212, 8776, 6272, 6400, 5132, 3380, 336, 1684, -1760, -24, -1596, 2212, 1464, 1020, 2340, 696, 1268, -1656, -13996, -12380, 6448, 32467, 32467, 31920, 4748, -352, 348, -224, -4, 336, 2260, -1232, 604, 32767, 32767, 11008, -596, 592, 772, 4360, 7100, 7124, 9564, 8036, 10568, 10336, 12812, 11116, 12616, 9108, 7372, 9448, 9844, 10176, 20504, 22496, 27216, 32724, 28408, 18516, 4552, 1900, 8856, 9852, 12952, 11684, 13268, 13560, 10344, 16208, 0, 0, 0, 0, 0, 0, 0, 0, 0, 0, 0, 0, 0, 0, 0, 0, 0, 0
-3722, -15156, -3945, 22649, 30059, 5714, -32558, -32558, -32558, -32558, 6935, 16488, 7261, 5724, 8436, 20753, 23276, 22431, 11164, -9637, -5277, -596, -824, -1086, -1832, -1771, -1380, -1721, -298, -440, 206, 173, -19, -1316, 16402, -32559, -32559, -32558, -32558, -1104, -1104, -1120, -1120, -1104, -1088, -1104, -1072, -1088, -1104, -1120, -1104, -1136, -1120, -1104, -1072, -1136, -1120, -1104, -1136, -1104, -1088, -1136, -1088, -1104, -1104, -1120, -1104, -1088, -1104, -1088, -1104, -1104, -1088, -1104, -1088, -1136, -1088, -1120, -32599, -5917, -32598, -32598, -32598, -32598, -16068, 2935, -32599, -4873, 1853, 10822, 6144, 7144, 24044, 15998, -32599, -32599, -11276, -4063, -9827, 2087, 14850, -2000, 1034, -2177, -4073, -1349, -1750, -5225, -9865, -30, 14358, 6933, -32598, -32598, -32598, -31835, 32082, 2322, -10134, -16698, -19590, -27354, -27414, -13234, 12366, 31817, 16102, 9130, 11010, 6682, 3366, -13538, -19638, -16222, -15030, -16110, -2066, -38, 2890, 1886, 454, -470, -98, 650, 826, 1510, 1322, 1426, 1878, 5806, 13502, -14290, -24850, 31818, 31818, 4318, 28996, 32467, 27164, 12656, 10360, 5612, -6012, -12040, -13920, 19708, -1688, -3024, 3756, 1012, 11872, 14240, 26328, 32467, 30056, 23108, 17356, 7728, 16072, 15128, 16928, 17092, 16016, 13960, 16452, 16252, 15756, 15304, 23548, 32467, 29664, -4448, -2108, -8948, -11208, -5992, -5096, 4044, -4060, -9896, -3132, -3296, -2720, -2184, -15012, 18608, 13636, 12176, 10240, 1540, -1520, -1968, -11392, -3900, -2076, -3180, -2888, 908, -2172, -1852, -1460, -1004, -280, -1312, -1256, -788, 272, -3412, -1808, 8052, -6340, -32768, -10360, -4052, 0, 0, 0, 0, 0, 0
3640, 21875, 23151, 15178, -3177, -2854, 31750, 24339, 24167, 11771, -2849, -3906, -1215, -3311, -6403, -6234, -6255, -5057, -4532, -5674, -16601, 2171, 26453, -32559, -32558, -32558, -32558, 20790, -63, 5706, 15659, 8925, -2549, -10154, -109, 9945, 11897, -1104, -1072, -1104, -1088, -1136, -1104, -1056, -1120, -1104, -1072, -1088, -1104, -1088, -1072, -1088, -1072, -1072, -1088, -1104, -1104, -1120, -1104, -1104, -1104, -1104, -1088, -1104, -1104, -1088, -1136, -1104, -1088, -1072, -1072, -1104, -1088, -1120, 28377, -11890, -19197, 18889, -32599, -32599, 16755, 21302, -9359, 2603, -21788, -10212, -3667, 15668, 2784, -4622, -1142, -2037, -3592, 10432, 11663, -32598, -32598, -32598, -32598, -32599, 26236, -32599, 15953, -25506, -32598, 1986, -32599, -32599, -32599, 26831, -1455, -562, 7198, 10086, 4582, -1006, -6194, -21662, -18538, -16834, -15074, -7050, -5886, -3390, -5510, -5826, -5698, -4634, -3766, -3034, -3970, -13274, -24970, -26206, 31818, 32750, 11890, 31817, 11714, 5206, 15846, 4690, 2610, -10686, -10326, -14690, -2542, -4586, -1608, -7544, -404, -7456, -3356, 7192, 20192, 30364, 31052, 27412, 15956, 13856, 12372, 15784, 17260, 15816, 15836, 16088, 15328, 19808, 32467, 32467, 18940, -12884, -11464, -17976, -19168, 9288, 26484, -3888, 2204, -5516, 3096, 5072, 14252, 32467, 29112, 12428, 12872, 15228, 14240, 6696, -1848, -4316, -5804, -8016, -9100, -6248, -1728, -2576, -320, -820, 256, -68, -136, -648, -1896, -8748, -9032, -12612, -32768, -8904, -22280, -13968, 10832, 21352, 8040, 12436, 15252, 6488, 6524, 2860, -8216, -1996, 0, 0, 0, 0, 0, 0, 0, 0, 0, 0, 0, 0, 0, 0, 0, 0, 0, 0
12092, 5767, 11149, 8438, 2252, 2978, -32559, 3978, -32558, -32558, -32558, 13370, 24597, 22171, 4513, -3014, -718, -9011, -2569, 3458, 10052, 25222, -3763, 3502, 17489, -32558, -32558, 3474, -3012, 23850, 4062, 3063, 9020, -762, -95, 4752, 14395, -1024, -1040, -1056, -1024, -1040, -1024, -1040, -1072, -1040, -1056, -1040, -1040, -1056, -1008, -1088, -1040, -1056, -1056, -1040, -1024, -1040, -1040, -1072, -1056, -1072, -1072, -1056, -1040, -1040, -1056, -1040, -1104, -1056, -1072, -1088, -1072, -1040, -5349, -32599, 864, -10884, -15045, -32598, -32598, -32598, -18426, -27202, -24419, -32599, -32598, -7527, 9753, 17032, -32599, 29492, 17926, 15982, 10905, -32599, -32598, -32598, -31565, -16379, 495, -32599, -32598, -26894, 628, 733, 15321, -32599, 25667, 10638, -32599, -21058, -22070, -17290, -18902, -17950, -22622, 31818, 31818, -29730, 3350, 31817, 18866, 3654, 1966, -714, 2782, -1346, -2814, -15670, -18170, -23738, -15762, -23358, -23110, 31818, 10274, 31817, 15026, 3970, 11006, 4086, 4278, -5914, -14914, -24054, -23158, -16206, 14336, 32467, 30164, 32464, 29116, 11600, 1484, -6776, -5536, -15300, 32468, 18876, 8200, -756, -2120, -1776, -1716, 3164, 6068, 9952, 15816, 27236, 11000, 2056, 4400, -12256, -17252, 12712, 27204, -9388, 2484, 10884, -48, 4216, 9188, 12452, 16848, 1784, 4884, 3848, -1216, -3236, 3408, -20096, -32768, -15016, -5956, 32767, 3712, 11576, 11480, 12640, 10676, 4488, 632, 4844, 8260, 11228, 15408, -7936, -6180, -6660, -5176, 5680, -4808, 16504, 17152, 14320, 11636, 5404, 3148, 2996, 1452, -380, 0, 0, 0, 0, 0, 0, 0, 0, 0, 0, 0, 0, 0, 0, 0, 0, 0, 0
27567, 3724, 862, -11708, -15667, -17308, -5468, -6249, -477, 15003, 21944, 29265, 3981, -22304, -25622, -7705, -6714, 3551, 20091, 27890, -32559, 368, -32558, -29800, -21423, -9502, 2790, -754, 1489, 2535, 993, 830, 1744, 1211, 2027, 904, 926, 204, -1152, -1136, -1152, -1168, -1152, -1152, -1168, -1152, -1136, -1136, -1152, -1168, -1120, -1152, -1200, -1136, -1152, -1136, -1120, -1136, -1168, -1152, -1168, -1136, -1120, -1152, -1168, -1168, -1168, -1152, -1168, -1168, -1152, -1168, -1168, -1152, -1184, -1136, 20956, 5461, 2111, -13307, 4815, -8238, -8729, -12089, -5418, 6218, 13999, 22223, 1277, -9195, -1905, -10022, -19737, -5526, 19304, 22173, 19630, -6354, -14516, -2610, -9543, -14750, -5697, 4907, 6842, 3495, 2591, 2501, 449, 466, -516, 504, -212, 791, -23738, -28918, -31606, -19138, -8362, 6946, 19678, 31626, 31817, 27570, -5474, -28590, 31818, -23890, -11714, 16002, 30302, 31817, 28074, -8382, -29554, 31818, -21178, -5558, 2218, 15466, 3746, -3802, -4746, -5254, -4574, -3658, -3250, -3390, -3098, -3270, -2826, -2486, 20584, 28688, 27044, 21800, 22212, 25664, 16016, 10076, 3744, 11164, 27684, 29956, 28500, 23700, 20180, 16252, 7568, -100, 19708, 32040, 29200, 32104, 25972, 22596, 29448, 20544, 6016, 10368, 14128, 17048, 16444, 18352, 17188, 16336, 15884, 16248, 15968, 16176, -3476, -4660, 16, -5584, -5456, -3436, 828, 1904, -3732, -3744, -5788, -11544, -11916, -6276, -3352, -1032, -1136, -5076, -6780, -7740, -13764, -11876, -9056, -4492, -4776, -3188, 2472, 3820, 1960, 2752, 2672, 2256, 2216, 2164, 2140, 1492, 1484, 1424, 0, 0, 0, 0, 0, 0, 0, 0, 0, 0, 0, 0
24753, 26067, 2552, -22817, -23701, -21319, -10103, -6741, 16439, 27555, 32749, 1738, -16011, -25671, -22162, -14057, -3591, -2136, 3142, 1143, 15429, 24796, 12258, -12007, -10057, -7216, -1324, -1897, 401, 158, 1164, 479, -753, -1388, -433, -9, 255, -1184, -1168, -1152, -1168, -1136, -1152, -1136, -1136, -1168, -1184, -1136, -1168, -1152, -1152, -1136, -1152, -1120, -1136, -1152, -1200, -1136, -1136, -1152, -1120, -1136, -1168, -1152, -1152, -1136, -1152, -1152, -1136, -1152, -1136, -1168, -1152, -1136, 11458, 16435, -1713, -7830, 4509, -4367, -4116, -19166, 25377, 11425, 24039, -7446, -5725, 2510, -2190, -10818, -969, -12485, -906, 6059, 2566, 10000, 10384, -2300, -6807, -4012, -4704, -4777, -2007, -621, 1452, -103, -1190, -719, -1052, -18, -112, -6594, 31818, 31818, -22226, -7790, -550, 12226, 18970, 22782, -2022, 32662, 31818, -19942, -9478, 106, 17302, 14526, 14294, 11346, 9190, 6322, -15858, -25550, -17022, -662, 10834, 12586, 7054, 3310, 2882, 1866, 1034, 1234, 1154, 1386, 1378, 1106, 27900, 32300, 23976, 18480, 17348, 25380, 24412, 16328, 15108, 29436, 30552, 26804, 21164, 17440, 21540, 20576, 13456, 11416, 8868, 12188, 20436, 22492, 27428, 22912, 17568, 18320, 13852, 11712, 12384, 14936, 16796, 16268, 15656, 15560, 15544, 15604, 15488, -4824, -12748, -11456, -6184, -3200, -2916, -4444, 212, -1224, -8204, -8964, -11296, -10304, -7240, -3028, -2740, -64, -836, 1412, 1480, -3636, -6608, -10048, -3644, -1384, -3300, -3312, -564, -224, -1036, -1796, -1500, -552, -752, -964, -1036, -1100, 0, 0, 0, 0, 0, 0, 0, 0, 0, 0, 0, 0, 0, 0, 0, 0, 0, 0
18804, -4053, -14775, -22017, -21272, -24095, 24659, -32559, -32559, 5560, -17663, -27377, -22313, -13383, -8224, -6325, -4198, -987, 5677, 9569, 14824, 4520, -2936, -5962, -8361, -6495, -5993, -4978, -2855, -1600, 171, 567, 648, 54, -295, -364, -648, -801, -1120, -1136, -1120, -1136, -1104, -1120, -1104, -1136, -1120, -1136, -1136, -1120, -1120, -1136, -1120, -1152, -1104, -1120, -1136, -1136, -1120, -1104, -1120, -1136, -1152, -1136, -1104, -1120, -1136, -1136, -1120, -1136, -1136, -1120, -1104, -1104, -1120, -1120, 21700, -9609, -9038, 2024, -7824, -4651, 21620, 28271, 23348, -24938, -14867, -8754, 182, -11869, -543, -16384, -14496, -4141, 11826, 7649, 4500, 297, -327, -4759, -7605, -4632, -3076, -1871, -1994, 2882, -735, 1905, 1083, -87, 279, -739, 64, 326, 31818, 31818, -16278, -5158, 17286, 31817, 31817, -2458, -26482, 31818, -23130, -4946, -1670, 3742, 15026, 12986, 11830, 10986, 12342, 8638, 1366, -9326, -6742, -2514, 2318, 5374, 7262, 4882, 4618, 2102, 1154, -10, -390, -158, 70, 418, 294, 310, 30640, 29696, 21324, 14396, 16064, -2876, 2956, 32467, 32467, 31148, 16148, 15940, 25852, 20656, 21420, 15844, 7312, 4268, 10232, 18940, 20008, 19128, 18504, 18696, 18436, 16512, 15104, 13864, 12804, 14176, 16028, 16092, 17012, 16292, 16296, 16004, 15644, 16360, -4640, -10344, -9548, -6372, 2012, -1920, -18088, 1460, -32768, -14304, 876, -5252, -8736, -7124, -4796, -1364, 1656, 1940, 208, -1616, -2696, -2412, -2116, -3212, -2868, -1152, -40, 1184, 700, -12, -364, -472, -648, -656, -512, -448, -424, -848, 0, 0, 0, 0, 0, 0, 0, 0, 0, 0, 0, 0
-32558, -32558, -31214, 3035, -32559, -32559, -32559, -32559, -32559, 24215, -17026, -32558, -32558, -32558, -32558, -32558, -22475, -917, 15450, 26928, -32559, -32559, -32559, -32559, 1112, -32558, -32558, -32558, -32558, -965, 3438, 921, 3290, -2685, 706, 3499, 2120, -379, -708, -1200, -1232, -1248, -1232, -1216, -1216, -1232, -1200, -1216, -1216, -1200, -1216, -1216, -1168, -1184, -1216, -1200, -1200, -1184, -1200, -1200, -1216, -1200, -1200, -1216, -1200, -1216, -1248, -1200, -1184, -1232, -1248, -1216, -1232, -1216, -1232, -1200, -1216, -1232, -22751, -7580, 8193, 704, 8060, 18682, 20590, 19696, -5171, -20311, 1188, -973, 8850, -24795, -32598, -19863, 5037, -2420, 13948, 11321, 21966, 21238, 13838, 12934, -3775, -8286, 17199, -32598, -21816, -139, 13309, 8016, -5390, 6936, -4467, -1549, -293, -472, 2099, 19826, 13074, 24066, 26862, 14994, 9894, 5566, 3410, -7658, -27278, -29634, -20050, -6330, 12930, 14702, 13846, 13894, 19534, 14486, 12598, 12510, 7458, 3638, -7474, 31818, -32214, -4878, 18534, 22142, 5662, -5862, -10150, -10462, -10142, -7582, -8266, -8386, -7646, -8282, 17812, 7172, 3144, -1416, 7484, 15948, 24208, 32467, 32124, 30568, 20984, 25556, 32467, 32467, 19832, 4128, 1544, -2828, 1540, 7844, 21372, 28636, 32467, 32467, 25884, 28100, 32467, 32467, 16916, -1732, 7124, 14048, 15152, 15348, 12928, 10908, 10716, 11412, 11304, -9416, 1208, 5276, -1232, -4028, -9232, -15376, -28592, -29924, -21372, -13344, -18576, -32768, -26720, -12144, 372, 6740, 3312, 4636, 2496, -6200, -14348, -21976, -16160, -14992, -22388, -30672, -28216, -5176, 5512, 8420, 10868, 12812, 12304, 10896, 9820, 9272, 9712, 9648, 0, 0, 0, 0, 0, 0
22464, -32559, -32559, -32559, -32559, -32559, 29790, 10371, -2400, -26427, -32558, -32558, -32558, -32558, -22288, -32559, -32559, -32559, -32559, -32559, 17786, 5300, 2241, 2915, -12272, -32558, -32558, -32558, -23407, 16079, -32559, -32559, -32559, -32559, -32559, -32559, 26644, 123, -1104, -1104, -1120, -1056, -1104, -1088, -1136, -1104, -1104, -1104, -1104, -1120, -1104, -1088, -1104, -1104, -1104, -1104, -1136, -1120, -1120, -1104, -1088, -1104, -1120, -1072, -1104, -1136, -1152, -1136, -1136, -1072, -1088, -1120, -1104, -1120, -1104, -1120, 13483, 9030, 20112, -20859, 13931, -18613, -757, -9915, 7738, 4667, 14847, -12712, -20543, -1498, 15418, 22241, 10175, -32598, -32039, -32599, -24435, -2311, 1959, 10037, 23683, -16380, 264, 109, -8976, 1240, 12692, 16707, -32599, 2814, 5447, -9333, 14676, -13932, 16570, 10034, 8814, 6826, 7802, 750, -8050, -6638, -8034, -8250, -6962, 14350, 25022, 20322, 19622, 8086, 5594, -4102, 2246, 4242, -4178, -2310, 254, -5882, -12926, -5738, 18306, 21562, 30310, 19142, 8254, 9422, 8970, 12094, 7242, -4670, -12810, -4690, 1764, 8036, 10860, 21260, 31908, 32467, 20308, 16584, 19956, 32467, 32467, 32467, 10768, -6756, 3520, 12040, 20108, 20680, 26872, 32467, 23408, 18404, 14580, 24712, 32467, 32467, 27604, 3444, 1272, -5692, 3672, 5096, 15900, 26536, 30492, 29936, 27352, 18100, 1328, -716, -6876, -22172, -11780, -22188, -10060, -9420, -8876, -16308, -32768, -29524, -9128, 3824, -1092, -3876, -18040, -25812, 4160, -18808, -8116, -2144, -848, -5360, -32768, -32768, -17528, 1740, 2292, 4812, 1856, -4076, -16184, -29116, -21244, -26264, -12336, -10680, 0, 0, 0, 0, 0, 0, 0, 0, 0, 0, 0, 0
-32558, -32558, -32558, -32558, -13052, 23641, -32559, -32559, -32559, -32559, -32559, 6099, -2372, -4825, -13272, -32558, -32558, -32558, -32558, -32558, -15359, 18447, -32559, -32559, -32559, -32559, -32559, 29307, 6707, -2873, 248, -3218, -1477, -1473, -328, -457, -1036, -862, -1120, -1120, -1104, -1072, -1120, -1104, -1120, -1104, -1120, -1088, -1104, -1120, -1104, -1120, -1104, -1088, -1104, -1120, -1136, -1088, -1104, -1088, -1136, -1088, -1104, -1120, -1104, -1136, -1136, -1104, -1120, -1120, -1136, -1120, -1104, -1136, -1120, -1168, 16768, -9256, -1922, -111, 1024, -2147, 7035, 188, -1003, -3497, -14078, 3444, 3598, 8049, 5376, 7836, -14415, -17155, -24415, 3567, -1392, 3111, 7445, 10092, -8546, 1542, 31764, -14414, 8551, 5531, -4942, -659, -2360, 632, 165, -401, 114, -61, 8198, 19402, 19526, 26170, 31430, 17874, 10754, 6950, 1618, 3846, -3914, -6102, -2382, -2090, -5722, -26986, 4142, 19918, 14842, 21342, 26686, 17246, 15950, 13230, 9218, 2814, 3846, -12786, -174, 2454, 3254, 2654, 3006, 2314, 2718, 1790, 1786, 1914, 32467, 22304, 10044, 1240, 1688, -116, 6856, 11220, 20760, 30752, 32040, 17100, 16956, 16992, 25324, 32467, 32467, 19296, 9784, 2264, 360, -4396, 2336, 10056, 24684, 32467, 32467, 25196, 15036, 19452, 16040, 14108, 15260, 15332, 16148, 15620, 15328, 15696, -32768, -26104, -12420, -228, -1908, 1124, -2364, -9708, -16096, -14868, -25324, -6024, -2876, -744, -9868, -32768, -32768, -22668, -10984, -1548, 3368, 5468, 3160, -10716, -16300, -19888, -27100, -18132, -168, -1844, 124, 988, 244, -268, -1324, -356, -660, -412, 0, 0, 0, 0, 0, 0, 0, 0, 0, 0, 0, 0
20241, 28863, -32559, -32559, 31100, 22573, 6900, 5399, 1606, -504, -1516, -6665, -11354, -16389, -18197, -20134, -21543, -24149, -27707, -27686, -20391, -11579, -6565, 6292, 18332, 27419, -32559, -32559, -32559, 11822, -5065, -7443, -14137, -19083, -22853, -22154, -22738, -1040, -1040, -1008, -1040, -1040, -1008, -1008, -1008, -1056, -1040, -1024, -1040, -1024, -1008, -1040, -1008, -1024, -1072, -992, -1040, -1024, -1040, -1024, -1072, -1056, -1040, -1056, -1072, -1056, -1040, -1056, -1040, -1024, -1040, -1024, -1024, -1024, 1221, 3163, 1380, 1205, 3925, 840, 6009, 2508, 12933, 12489, 12833, 11185, 6135, 8723, -1262, 3991, -1556, 2737, 5036, 4753, 6057, 8097, 12288, 13751, 4829, 2529, 1270, 4402, 10300, 6856, 18154, 19578, 12464, 21884, 9009, 8892, 14399, -6126, -7842, -8798, -9350, -10930, -9994, -6406, -7630, -9066, -8870, -7902, -6494, -6246, -5286, -5834, -3162, -2574, -978, -986, 4086, 3662, 4574, 1798, 1094, -6066, -8554, -9538, -8550, -9602, -3794, -230, -1118, -1834, -2706, -3590, -10410, -8718, 6912, 9256, 10860, 8816, 7728, 7788, 4700, -36, -868, -1536, -2968, -2276, -4828, -2752, -4732, -5248, -8440, -12204, -13004, -11768, -8864, -6820, -5052, -96, 3628, 7884, 10100, 14532, 13684, 5144, -3404, -3536, -6544, -7308, -6304, -7664, -7144, 31128, 26640, 17656, 13744, 6820, 6616, 3860, 5936, 7140, 6576, 6500, 6176, 7628, 8684, 11948, 12736, 15664, 19008, 21176, 25952, 29572, 28136, 30744, 30732, 32767, 28784, 22184, 18828, 9464, 3264, 3800, 4160, 7308, 11128, 15808, 23208, 23964, 0, 0, 0, 0, 0, 0, 0, 0, 0, 0, 0, 0, 0, 0, 0, 0, 0, 0
-26622, 5720, -5265, -18499, -21109, -15663, -19324, -18593, -22650, -22112, -28025, -13670, -10586, -2509, 4733, 13056, 26196, 21625, 20746, 20737, 23178, 19576, 14272, 7786, 2564, -6931, -14007, -17167, -23099, -27267, -24443, -29273, -32558, -20792, -12163, 2188, 14435, 27093, -1072, -1056, -1056, -1056, -1040, -1040, -1056, -1040, -1024, -1024, -1072, -1040, -1024, -1056, -1040, -1008, -1056, -992, -1040, -1024, -1056, -1072, -1040, -1056, -1024, -1056, -1072, -1040, -1040, -1056, -1056, -1072, -1040, -1056, -1072, -1040, -1072, -1056, 27093, -7073, 10337, 22406, 19233, 15426, 20544, 11699, 15482, 14723, 16675, 4833, 16402, 20443, 13456, 7910, -2128, -3014, 1999, 8239, 7972, 5831, 9809, 7370, 9427, 15831, 17801, 24865, 19109, 12019, 11462, 9918, 20975, 11884, 19628, 19375, 20429, 4935, 9186, 11722, 9066, 8574, 9450, 6406, 3930, 1594, 1082, 1442, 10098, 11194, 14946, 13578, 10582, 5786, 2054, -190, -9402, -6250, -6018, -4582, -2354, -430, 1622, 2946, 3822, 3694, 3750, 7854, 10870, 9714, 16562, 16754, 18726, 14854, 12238, 7750, 11384, -5268, -9628, -6720, -8976, -6152, -10624, -10896, -9200, -4500, -1532, -1284, -920, 7200, 7088, 9404, 12476, 10844, 12028, 13864, 12892, 9736, 5628, 2656, -1592, -4412, -7016, -6564, -7256, -8080, -9028, -7948, -3096, 1640, 4464, 9164, 13160, 15052, 448, -3608, 3208, 4576, 6660, 15408, 21672, 21272, 24780, 24784, 28008, 25808, 23840, 23140, 27152, 26396, 16332, 17224, 20172, 20208, 15228, 10828, 5444, 3420, 2024, 3344, 3764, 6008, 11228, 19008, 21316, 26792, 27524, 29648, 29744, 32164, 29268, 28708, 0, 0, 0, 0, 0, 0, 0, 0, 0, 0, 0, 0
538, -5985, -2886, -19849, -25970, -20377, -19733, -18302, -13906, -10159, -2794, 4365, 22180, -32559, -32559, -32559, 30347, 22527, 6818, -960, 37, -6354, -13975, -13476, -20779, -20085, -20900, -21502, -16701, -25208, -16190, -10222, 14190, 16270, 18230, 15829, 14412, 10065, -1072, -1088, -1072, -1088, -1056, -1072, -1104, -1088, -1056, -1088, -1072, -1072, -1072, -1088, -1056, -1088, -1072, -1072, -1104, -1088, -1120, -1088, -1072, -1104, -1104, -1088, -1056, -1088, -1072, -1072, -1056, -1120, -1072, -1072, -1072, -1104, -1056, -1104, 9993, 9526, -32599, 27381, 18372, 22927, 3661, 14239, 7135, 4331, 2690, 27536, 2247, -2235, 3452, 1629, 7761, 4012, 652, 12249, 13378, 19233, 16041, 25677, 20896, 21225, 7389, 11692, -1198, 22560, -438, 9849, 10996, 9756, 555, 1795, 6813, 13544, 8114, 11646, 8078, -3730, 1178, 698, 1430, 2234, 5014, 8134, 11826, 12554, 4614, 3302, 7326, 6662, 2554, -6398, -6318, -3026, -626, -926, -666, -3242, 478, 118, 1426, 3942, 1446, 3078, 6306, 6278, 2290, 2098, 146, -350, -378, -1470, 9600, -2884, -3380, -9832, -3708, -5200, -5920, -1788, -44, -1860, -3088, 3660, 21728, 29196, 32467, 21040, 11652, 8244, 10984, 12552, 6292, -788, -5512, -6880, -4372, -5168, -6944, -3540, -5808, -1156, 4268, 3340, 13528, 15852, 13852, 10916, 9584, 9032, -4008, 2788, 1964, 18400, 20712, 24240, 24720, 21780, 20940, 22012, 30396, 32767, 32767, 32767, 20988, 7908, -652, -2156, 1704, 3976, 5492, 3912, 5104, 9436, 11032, 16048, 18248, 20460, 24364, 25840, 27224, 28892, 21212, 17012, 14944, 13232, 13572, 12492, 0, 0, 0, 0, 0, 0, 0, 0, 0, 0, 0, 0
-712, 13010, 18905, 27345, 30210, -151, 29097, 23322, 28444, 25670, 23086, 18462, 19882, 22963, 28003, -32559, -32559, -10743, -14473, -10577, -32558, -32558, -32558, -32558, 2087, 16881, 27028, -32559, -32559, -32559, -32559, -32559, 19812, 6574, -1230, -21829, -23353, -13712, -9792, -896, -880, -928, -880, -880, -864, -896, -880, -896, -896, -912, -912, -928, -880, -912, -896, -896, -912, -896, -880, -912, -896, -912, -912, -896, -928, -880, -912, -928, -896, -912, -896, -896, -912, -912, -896, -912, -912, -896, 29810, -32599, -5815, -8099, 7681, 22221, -8267, -4587, -7553, 2781, 1218, -9437, -11858, -17719, -17749, -16122, 939, -19708, 8263, 12514, 2115, -6710, -11616, 24647, -32599, 13952, 5492, -1605, -4654, -2488, 15, -9522, 1956, -107, -1401, -18715, 7019, 18275, 14283, 31817, -810, 24262, 15330, 5966, -2966, 2130, -1602, -5558, -9358, -11338, -10846, -10886, -9998, -12414, -13030, -19826, -18406, -14378, -15470, -12526, -6898, 31817, 31817, 24966, 16462, 17238, 13254, 34, -7914, -8054, -8958, -14406, -14734, -12778, -19142, -14766, -12686, -13874, -1780, 15268, -4788, -4220, -3940, 892, 2856, 404, -3856, -3500, -2852, -2872, -4176, -5504, -6156, -12672, -26616, -12108, -24152, -14640, -12156, -2632, -5620, 812, -9624, 6900, 2824, 5532, -1824, -5016, -4760, -9164, -11844, -22664, -11464, -7604, -11904, -6164, -3888, 19552, 32767, 25244, 23228, 23164, 14368, 9920, 14468, 11600, 9912, 7772, 8340, 4052, 544, -4620, -7920, -13532, -17632, -16612, -17024, -20844, -18616, -20644, 19496, 32240, 23248, 27580, 16932, 19356, 5780, 624, -6908, -7500, -17712, -2764, -352, -1916, -3148, 2632, 0, 0, 0, 0, 0, 0
-29414, -32558, -32558, -32558, -30732, 19998, 8626, 16585, 13352, 14416, 18485, -32559, -32559, -32559, -32559, -32559, 24548, 8508, -985, 9322, 923, -18273, -32558, -32558, -32558, -32558, -5195, 12040, 21954, 25999, 31199, -32559, -32559, -32559, -32559, 32412, 17279, 1833, 2989, -960, -960, -944, -944, -944, -960, -960, -944, -960, -976, -976, -976, -960, -960, -976, -976, -960, -960, -976, -960, -960, -976, -976, -976, -944, -992, -976, -976, -960, -1008, -976, -976, -960, -976, -960, -960, -976, -1008, -960, -4941, 19703, -12721, 3054, -19362, 29137, -9113, -1142, 8103, 1450, 5225, -2910, 4537, 4097, 71, 12113, 6354, -17868, -9658, -16894, -16914, -6942, 4078, 26991, -32380, -23728, 16440, 199, 1108, 3626, -4307, -4128, -3653, -6922, -10592, 5401, -272, -4930, -8211, -16374, -23538, 27454, 31817, 31817, 10790, 8246, 7782, 6518, 2242, 7030, 4030, 38, -5166, -7850, -9938, -19750, -22098, -21774, -16418, -18534, -17834, -14730, -21582, 31817, 31817, 17326, 14066, 10514, 4390, 8402, -746, -4962, -10454, -13558, -17126, -18326, -17534, -18778, -16416, -15756, -15596, -8484, 6668, 6988, -1612, -9208, 948, -4216, 1524, -284, -108, -1392, -3512, -10784, -5148, -6124, -19632, -21060, -22964, -28808, -21168, 5488, -16712, 12464, -3996, 3048, 760, 3076, 5012, 1036, -1612, -4536, -8232, -9784, -6816, -10508, -20268, -22216, -29416, -27820, 11996, 22820, 32767, 24788, 24028, 20420, 16444, 15472, 13984, 13136, 8672, 2056, -3196, -852, 3904, 900, -1072, -4404, -11224, -12920, -16480, -13568, 21172, 27492, 21664, 19676, 18760, 9928, 10644, 9152, 6048, 1848, 2584, 2208, -240, -2568, 0, 0, 0, 0, 0, 0
22181, 13894, 12587, 16623, 26410, -32559, -32559, 32281, 32520, 30382, 30826, -32659, 24987, 31479, 21402, -1332, -5087, -12392, -32558, -32558, -32558, -32558, -32558, -18829, 3732, 13852, 11974, 26885, -32559, -32559, -32559, -32559, -32559, -32559, -5602, -13703, 2003, -3297, -7140, -1024, -1056, -1008, -1056, -1040, -1008, -1024, -1024, -1008, -1024, -1024, -1040, -1024, -1024, -1056, -1056, -1072, -1008, -1056, -1040, -976, -992, -1008, -1040, -1024, -1040, -1008, -1024, -1040, -1040, -1008, -1024, -1040, -1008, -1056, -1040, -1008, -1024, -1024, 31955, -16678, -2327, -1838, -16486, -2101, 2270, 409, -5037, -2594, -5735, -7637, -6552, -9207, -16017, -11926, 7249, 13024, 4466, 8820, -9197, 12385, -32598, 9488, 6469, 7402, 5205, -969, -5117, -7795, -7424, -20631, -10274, 5386, -1633, -11751, -10704, -4153, 6902, 18054, 20366, 17902, 10914, 9750, 6074, 1454, -2634, -5690, -8238, -9694, -11758, -14622, -7726, -20382, -16870, -11730, -13334, -11750, -8538, -4886, 4470, 31817, 31817, 19606, 9718, 12958, 9090, 4898, -6174, -6578, -10178, -13222, -25122, -24534, -13466, -14774, -15342, -13878, 4768, 5576, -7140, 4232, -1088, -2020, -2648, -1124, -4568, -5232, -4852, -7332, -6416, -9436, -15292, -19784, -19688, -11296, -13992, -14612, -6468, 6600, -24468, 12964, 844, -468, 724, 1788, -392, -3640, -4496, -14268, -11352, -4932, -5784, -17844, -16404, -11888, -9620, 26308, 24664, 23288, 19456, 16568, 16148, 11872, 11908, 10768, 8772, 3440, 2284, 240, -3188, -12320, -13580, -16404, -11404, -13476, -6708, -20688, -8848, 12776, 26228, 23464, 24652, 18536, 17280, 20140, 7788, 6304, -6796, -1784, -6056, -8216, -14208, -7492, -2276, -4416, 0, 0, 0, 0, 0, 0
-32558, -20493, 10784, -5215, -18022, -10759, -5945, -4244, 3543, 4874, 5548, -601, -814, 9116, 24308, 30306, 23648, 1019, -10884, -13373, -13345, -14486, -11503, -7743, -5791, 2723, -922, 2900, -3650, -9053, -11616, -9056, -8771, 9712, 28622, 31810, 3773, -11919, 3677, 1863, -1088, -1088, -1056, -1072, -1120, -1088, -1040, -1072, -1088, -1088, -1104, -1072, -1088, -1088, -1104, -1072, -1056, -1088, -1072, -1072, -1040, -1056, -1072, -1104, -1104, -1088, -1088, -1104, -1088, -1120, -1040, -1072, -1088, -1088, -1104, -1088, -1104, -1104, -1104, -1088, 19277, -12615, -201, -3335, 350, -8682, -13185, -12615, 4177, -4979, -3734, -266, 3386, 8537, 13755, 8656, 2056, 4408, 5155, -5174, -5685, -8448, -10884, -9704, -15667, 3665, -12887, 151, 570, -2204, -4640, 4195, 4348, -8110, 24186, 11473, 1259, 4325, -3305, 6839, -978, 1118, 2122, -2266, -1170, 558, 3426, 766, 5426, 1150, 7078, 6898, 14482, 4558, -8618, -14798, -15774, -14798, -8574, -3450, -2518, -3554, -2206, 5762, 5690, 8094, 4806, 8074, 7522, 12598, 14994, 12194, 7014, -6154, -13890, -18514, -14646, -2982, 2230, 2038, 8868, 17708, 13012, 18568, 14964, 16472, 21736, 9972, 20516, 14180, 17720, 17008, 20576, 12244, 18556, 23224, 16696, 16776, 16796, 18676, 15628, 18204, 17144, 27808, 13192, 20168, 8836, 18388, 16016, 17620, 14780, 14992, 19720, 11524, 13372, 16656, 16468, 17720, 17108, 19184, 13152, 468, 1616, -468, -1608, 1308, 336, 3660, -688, 1960, -2260, -1420, -4504, 812, 2148, 1648, -4036, -264, 196, -368, 2592, 3120, -4500, -456, -2200, -368, -4260, -4808, -3844, -3608, -5196, 516, 4472, 7716, 6536, 1124, 2600, -1260, -996, 1252
28003, 3716, 14320, -32559, -3458, -32558, -12034, -11610, -26773, -7345, -2825, 4756, -3185, -4806, -10065, -4144, 1735, 9300, 17765, 16864, 11888, 5480, 2372, -2239, -10679, -12539, -7772, -1820, -8300, -2146, 56, 2630, -1382, -1374, 419, 632, -1723, -4230, -1056, -1072, -1040, -1056, -1024, -1072, -1040, -1056, -1024, -1072, -1040, -1040, -1040, -1056, -1056, -1072, -1056, -1040, -1040, -1056, -1040, -1040, -1040, -1024, -1040, -1040, -1024, -1056, -1072, -1024, -1024, -1040, -1040, -1056, -1056, -1040, -1072, -1040, 9748, 23183, -32598, 31391, -748, -18402, -14633, -15143, 7599, 3163, -11920, -12618, -9149, -3475, 12990, -4157, 2776, 194, 11426, 12462, 13432, 3222, -13883, 4817, -7556, -4389, 1016, -6351, 1039, -16398, -1936, -6977, 1551, 2563, 1801, -258, 5998, 2410, 31817, 24902, 2886, 31818, 31818, -18950, -2818, -5506, 5682, 7250, 8534, 386, -3082, -34, 9470, 9186, 12934, 8922, -3178, -9554, -10966, -13238, -10670, -9310, -5810, -3162, 9346, 4210, 8866, 6722, 11806, 11062, 8890, 6138, 8474, 5018, 11198, 7042, 28788, 26268, 20812, 4404, 32467, 20380, 10276, 9648, 13960, 22288, 17744, 13216, 12712, 16528, 20528, 17168, 19196, 18664, 15264, 19768, 22188, 21704, 11304, 11984, 18616, 14572, 22472, 15924, 19036, 13824, 11020, 15532, 13528, 13288, 16352, 13816, 18296, 20124, -32768, -9004, 17140, 13636, -6756, 1776, -2692, 3660, -2468, 2380, -7008, 788, 2516, 1084, -596, -1428, -1076, -4044, 1212, 3332, 3140, 7612, 7812, 6000, 36, 4360, -1012, -984, -976, -4352, -4740, -4520, -600, 728, -1056, 20, -4780, 3592, 11715, 20335, 12076, -7758, -11339, -4337, 6186, -4760, 10040, -19600, -13171, -7505
-32558, -7530, 11018, 2479, -11798, -2072, 7302, 12939, 24761, 25832, 26782, 17728, -32558, -32558, -32558, -32558, -2197, -978, 15189, 24589, 26881, 30842, 20115, 16636, 7447, 418, 849, 8887, -11991, -25521, -32558, -32376, -23253, -20875, -32558, 5133, 8660, 21153, 21883, -1024, -1024, -1040, -992, -976, -1008, -1008, -1024, -1008, -1008, -992, -1008, -1024, -1008, -1008, -1008, -992, -1008, -992, -1040, -992, -1040, -1024, -1008, -1024, -1024, -1008, -1024, -1040, -992, -976, -992, -1008, -1056, -1008, -1024, -1008, -1024, -1040, -32599, -32599, 20943, 3883, 10793, 7786, 4803, -32599, 25432, 26738, -32599, 24286, -32598, -32598, -32598, -32598, -18470, 21485, 26669, 27280, 24027, -32599, -32663, 27882, -12484, 11229, 25936, 5114, -14607, -28023, -29137, -32598, -32598, -32598, -32598, 13066, 26060, 30603, 19097, 9682, -18, 2762, -2414, 2382, 6754, 5550, 6078, 6982, 4862, 8274, 7034, 4646, -22, 30354, 24238, 14890, 8662, 3038, 2134, -398, 3882, 2890, 4446, 4422, 23458, 23238, 16178, 13710, 6430, 14906, 14382, 17790, 18982, 14054, 7046, -106, -1170, -4998, 32467, 28284, 13276, 13236, 8684, 12356, 9700, 5584, 19000, 21544, 22136, 11064, 32467, 32467, 14624, -27576, -10076, -2512, 6356, 10980, 9024, 18516, 22200, 27624, 20332, 14348, 32467, 28620, 32064, 31484, 26464, 15164, 7440, -7560, -22796, -3012, 3020, 18900, 18672, 15528, 20896, 7200, 3960, 5040, 6724, 1288, 556, -4032, -6024, -4192, 2044, -32572, -23672, -27636, -2428, 700, -220, 3224, 340, -1280, -6556, -5676, -6820, -5692, -1804, -10336, -14500, -15244, -16732, -15496, -16116, -15584, -5300, 6100, 2344, 9336, 452, 2824, 0, 0, 0, 0, 0, 0
-12442, -13025, -31840, -32558, -32558, -16676, -32558, -32558, -13788, -11156, 6339, 3206, 24301, -14478, -12174, 102, 8092, 23145, -32559, -32559, -32559, 26974, 19561, 9944, -12507, -32558, -32558, -32558, -32558, 7422, 2611, 4755, 10901, 9774, 21141, 19025, 12537, -32559, -32559, -1040, -1040, -1008, -1024, -1008, -1024, -1008, -1024, -1024, -1040, -1072, -1040, -1056, -1040, -1024, -1024, -1024, -1024, -1056, -1008, -1040, -992, -1056, -1040, -1008, -1024, -1024, -1008, -1008, -1024, -1040, -1040, -1056, -1056, -1040, -1040, -992, -1040, -1072, -32599, -32599, -18904, -29443, -32598, -32598, -3653, -32599, -32599, 15835, -32598, -19074, 31624, -16375, -5649, 6490, 12639, 1911, 15455, 18274, 14466, 18421, 29200, -8660, 177, -24688, -32598, -32598, -32598, -32598, 3212, -32599, -32599, 29226, 6001, -2254, 30972, 21979, 31686, 29854, 31817, 14518, 29082, 31817, 9266, 31817, 31817, -2438, 11202, 22614, -10430, -8606, -6506, -2910, -946, -378, 1614, 3586, 5722, 3946, 15098, 12066, 31634, 17478, 20446, 18794, 31817, 31817, 31817, 13354, -6242, -8406, -2906, -2558, -4530, -1922, -2122, -650, 27456, 32467, 32467, 32467, -28260, 32468, -6420, 32467, 32467, 32467, -16384, 7184, 6492, 14788, 8688, 4184, 13968, 3728, 8312, 9484, 20744, 8732, 27176, 24856, 32467, 32467, 32467, 32467, -1572, 32468, -10896, 17188, 19160, 15688, 14132, 9536, 12164, 14188, 6964, 88, -9488, -19676, -20100, -32768, -22288, -32768, 32767, -868, 12756, 2588, -24224, 6596, 1352, 3648, 5964, 3224, -608, -4276, -7396, -15396, -7348, -7936, -16188, -22852, -30528, -32768, -32768, -32768, -9736, 6376, 3368, 13132, 11200, -2308, -1564, -5688, -8448, -3760, 0, 0, 0, 0, 0, 0
-396, 158, -3689, 1540, -5582, -8916, -10853, -10285, 2703, 7040, 13598, -32559, -11871, -32558, -4169, 6222, 6291, 6586, -1215, 2522, 5008, 2441, -1781, -6849, -15181, -8123, 4042, 4621, -437, -4587, -6052, -11208, 8088, 5712, 2413, 9194, 8357, -5955, -11778, -17218, -1056, -1040, -1040, -1056, -1024, -1040, -1056, -1056, -1040, -1040, -1056, -1040, -1072, -1056, -1088, -1040, -1040, -1056, -1024, -1072, -1056, -1056, -1072, -1040, -1088, -1056, -1040, -1056, -1056, -1072, -1088, -1056, -1072, -1072, -1024, -1072, -1040, -1088, -1056, -1040, 20126, 20979, 17763, 12263, 29704, -32599, -32599, -7795, -26336, -32598, -32598, -32598, -12513, -32599, 21059, -32599, 17762, 23154, 30038, 27359, -704, 11502, 5874, -5205, 10710, 5327, -3964, -8731, -9031, -9289, -32598, 28073, -32599, 19986, 23029, 8375, 1992, 7480, 17816, 19029, 5478, 1578, 4890, 8450, 8858, 15542, 20310, 26082, 23030, 24982, 27386, 31817, -19146, 6778, 2626, 978, -102, 1122, 4378, 4314, 3210, 10814, 10342, 19526, 30446, 29302, 24822, 18174, 20522, 16610, 6134, -250, 1434, -2102, -1526, -1146, 946, 8954, 17998, 14722, 12584, 7012, 13340, 11492, 11296, 16176, 31076, 32467, 32467, 32467, 12052, 32468, -27968, 9868, 13028, 10948, 8672, 2240, 9532, 29800, 5848, 13812, 12200, 11576, 18992, 32160, 21488, 24664, 24960, 22984, -27372, -18984, 12324, 9648, 13400, 13712, 7860, 15048, 12116, 22192, 10224, 6688, 9340, 7852, 8724, 6468, 2040, -4336, 456, 488, -11888, -32768, -17724, 9072, 18016, 20392, 5468, 10200, 5712, -932, 3052, 2336, 5736, 280, 7376, 2916, 1400, 3876, 1452, -1256, 3200, 120, 4124, 8396, 4344, 2844, 4672, 3036, 10220, 372
-3234, -14510, -10476, -20947, -11023, -8420, -2371, -9379, -3706, -1429, -1717, -1564, 2257, -1014, -1164, -9101, -3204, -1639, 4114, 2239, -4352, -14205, -14836, -32558, -32558, -25759, -9937, -32559, -32559, -32559, 24716, 13659, 5670, 10082, 10623, -7113, -32558, -32558, -17817, -1120, -1120, -1136, -1120, -1104, -1136, -1120, -1120, -1136, -1120, -1120, -1136, -1152, -1104, -1136, -1104, -1120, -1104, -1152, -1136, -1120, -1120, -1136, -1120, -1136, -1120, -1136, -1152, -1168, -1152, -1136, -1136, -1120, -1168, -1136, -1104, -1136, -1120, -1136, -26618, -31049, -5105, 1044, 22987, -90, 972, 29245, 2046, -1410, 6357, -1246, -6891, 723, 3649, -5515, -1878, 4127, -1886, -13666, -12885, -22150, -24968, -27433, 16996, -32599, -32599, -32599, -32599, 24384, -19871, -21690, -20244, -28674, -18411, 10111, 29390, 25138, 4237, -5742, -10386, -8246, -5146, -2618, -1466, -4742, -11190, -10442, -7198, -6710, -4270, -4626, -6686, -6826, -8414, -5018, -10938, -11334, -10238, -11206, 1074, 4878, 13366, 10314, 30270, 31817, 27842, 17290, 5858, 8166, 3806, 2354, -198, -3922, -4930, -1530, 11526, 8026, 12452, 7136, -2600, -3336, 5988, 9316, 5616, 14008, 15808, 13124, 11936, 11248, 4416, 5040, 7308, 8256, 6384, 11812, 17312, 12780, 14588, 6440, 5588, -10196, -17920, -12924, 9212, 23328, 28808, 32467, 32467, 18076, 15924, 5348, 2820, -2768, -4640, -2172, -5844, 25220, 8748, 15676, 12192, 14304, 18332, 20200, 19980, 19304, 19776, 15220, 13708, 11276, 14096, 13184, 12916, 16096, 17936, 17812, 20308, 7144, 4224, -21228, -8540, -2948, 9660, 23228, 26576, 21712, 24144, -6556, -5304, -6312, -6548, -9256, -6528, -4240, 9440, 5632, 0, 0, 0, 0, 0, 0
-32559, -32559, -32559, 26454, -18961, -32558, -32558, -32558, -32558, -32559, -32559, -32559, -32559, -32559, 28462, -14201, -25516, -32558, -32558, -32558, -32558, -10624, 10568, 32707, -32559, -32559, -32559, -32559, -32559, 16415, 1689, -32558, -32558, -32558, -32558, -32558, -1168, -1136, -1168, -1168, -1136, -1136, -1136, -1136, -1168, -1168, -1168, -1168, -1136, -1136, -1136, -1136, -1168, -1136, -1152, -1136, -1152, -1152, -1152, -1152, -1152, -1168, -1136, -1136, -1168, -1136, -1184, -1184, -1184, -1184, -1136, -1168, -419, 10711, -13784, -3034, -28831, -1137, 29610, 17266, -32599, 13557, 21617, -27803, -25284, -4490, 12843, 30078, 26803, 14630, 26519, 31231, -32599, -32599, 31612, -32599, 32414, -32599, 31513, 10587, 3539, 616, 7007, 3002, -20667, 19209, -32599, -32599, 11886, 2494, 3038, 394, 1582, -6778, 14066, 14414, 22090, 26038, 2130, -930, 194, -4022, -9322, -10190, -5354, -5586, 1022, 17890, 25994, 31817, 29274, 31817, 25490, 21302, 12586, 8082, 2474, -1194, 2938, -2462, 2086, -758, 4214, 5418, 25088, 30676, 28352, 14400, 7152, -3356, 3780, -24404, 12648, 25040, 32467, 19792, 9108, 8280, 9136, 7844, 8484, -3800, -796, 1216, -2876, 23472, 4132, 32467, 17876, 32467, 30032, 31092, 27376, 29964, 17512, 12424, -2344, -2640, -5928, -7052, 18436, 13992, -1052, -2012, -5096, -7936, -7612, 11264, 12428, 23580, 31268, 20332, 8924, 760, -1564, -10488, -18256, -7648, -8576, 1860, -308, -4108, -2076, -7588, 10736, 15784, -4564, -3724, -9976, -824, -4888, -5320, -4284, -3308, 5524, 7616, 0, 0, 0, 0, 0, 0, 0, 0, 0, 0, 0, 0, 0, 0, 0, 0, 0, 0, 0, 0, 0, 0, 0, 0
18667, 5634, -2409, -32482, -32558, -32558, -32558, -32558, -20226, 19211, 24023, 27728, -32559, -32559, 18597, 15436, 12380, -7877, -26484, -32558, -32558, -32558, -16694, -18213, 6298, 5974, -32559, -32559, -32559, 30740, 27054, 15150, 1679, -15560, -30414, -32558, -32558, -32558, -1168, -1184, -1168, -1152, -1184, -1136, -1152, -1168, -1120, -1136, -1184, -1200, -1152, -1168, -1168, -1152, -1168, -1184, -1168, -1200, -1168, -1184, -1168, -1152, -1168, -1184, -1168, -1152, -1136, -1152, -1168, -1184, -1168, -1184, -1168, -1168, -1152, -1168, -10014, -9070, -32598, -32598, -31133, -5691, -32599, -32599, 22191, 21326, -32599, -32599, -32599, -32599, 1425, 10943, -9678, -4924, -16700, 12413, 10439, -32599, 28297, -32599, 19365, -32599, -32599, -32599, 17695, -6364, 2234, -13865, -13664, -21539, -16083, -10879, -4292, -32599, 10102, 10306, 6510, 10046, 27146, 31817, 31817, 26286, 31817, 13182, 9650, 7786, 17462, 6230, 338, 4538, 3158, 3334, 3890, 4278, 10598, 22922, 21934, 29638, 23142, 28226, 20158, 14202, 13066, 9926, 9046, 6262, 2738, 1066, 1118, 134, 4766, 13562, 30236, 31468, 27332, 18852, -3520, -14336, -13892, 1232, 8556, 6436, 5520, -244, 32467, 32467, 28120, 30332, 20096, 19344, 7672, -3880, -17392, -1840, 9080, 19188, 14428, 19688, 25668, 17504, 32467, 28788, 25652, 26960, 15800, 10044, 3408, -20, -7640, -2840, -8984, -5892, -8304, -24828, -32768, -32768, 13756, 32628, 32767, 15332, 16112, 14944, 4776, -452, 4960, -9140, -4328, -12488, -10056, -7024, 2340, 6152, 14436, 10772, 23392, 15068, 15088, -1492, -3736, -3192, -2904, -2432, -2672, -4688, -5304, -5096, -5272, 15100, 0, 0, 0, 0, 0, 0, 0, 0, 0, 0, 0, 0
2686, -10225, 16825, 5927, 845, -2709, -8261, -317, 368, 2567, -1726, 1370, -1492, 595, 371, 3223, 4141, 5229, 218, -15344, -14992, -16190, 3585, -1081, -13236, -15455, 12827, 3297, 4683, -14064, -6650, 3697, -9901, -10121, -9822, -7705, -1977, -1000, -1024, -1032, -1024, -1032, -1008, -1016, -1008, -1016, -1008, -1032, -1024, -1032, -1008, -1016, -1040, -1016, -1008, -1024, -1024, -1008, -1008, -1016, -1008, -1016, -1024, -1024, -1040, -1024, -1040, -1024, -1040, -1016, -1024, -1016, -15118, -1190, -53, 23629, 5637, 20997, -25696, -5401, 6177, -3908, -1801, -2606, 170, -4331, -8328, -5434, -6300, -9548, -10050, -10042, -15711, -18881, -16765, 1643, -1518, 965, 7803, 256, 10709, 17338, -9937, 1742, -8649, -645, -2989, -6654, 3909, 14603, -1304, 9156, 12582, 31818, 7304, -6762, -8468, -9324, -10530, -10480, -13538, -14384, -16054, -15802, -18176, 11036, 9846, 2344, 9913, -11940, -8740, -3114, -8818, 16538, 8256, -8748, 6129, 2986, -21372, 10480, -14824, -4886, 924, -654, -5843, -2469, 1321, -273, -202, 7724, 12832, 13688, 15174, 11728, 8598, 8484, 8848, 11058, 8992, 6506, 6394, 2810, 320, 8190, 9648, 2572, 4310, 2064, 4450, 1542, 0, -548, -1054, 16816, 15433, 9924, 4430, 5470, 19318, 8642, 9292, 12696, 5518, 8278, 2834, 13838, 13036, 5272, 11428, 9898, 10046, 8158, 11174, 10178, 12554, 11334, 8974, 6640, 1104, 13646, 15602, 11906, 7150, 11266, 13486, 11436, 8606, 3982, 8424, 7150, 25677, 7548, 3376, 6352, 9276, 10046, 4040, 3162, 4482, 4174, 4636, 4220, 0, 0, 0, 0, 0, 0, 0, 0, 0, 0, 0, 0, 0, 0, 0, 0, 0, 0
-10854, -1059, 16885, 2325, 4036, 9767, 8537, 8125, -8470, -13469, -4519, 294, 1306, -812, -2126, -1646, -287, -366, 2117, 5070, 1111, -3165, -13820, -19196, -7694, -12557, 12481, 10159, 13847, -14260, -7019, -6751, -14059, -17099, -15873, -16476, -10486, -15811, -1048, -1048, -1048, -1048, -1024, -1032, -1024, -1024, -1032, -1056, -1048, -1048, -1048, -1048, -1048, -1032, -1024, -1064, -1040, -1032, -1032, -1056, -1032, -1056, -1056, -1040, -1048, -1040, -1072, -1056, -1064, -1048, -1048, -1032, -1072, -1064, 7057, 10315, -11730, 11835, -26235, 1038, 11157, 5050, 8879, 8477, 4923, -5107, -7656, 2255, -2910, -2712, 742, -2110, -1098, -6465, -10776, -17714, -13506, -25776, -17137, -27947, -2652, 11406, -22547, 16524, 440, -3077, -5157, -1248, 4933, -1543, -5396, 1025, -3154, 15007, 31817, 11555, -434, 11635, -5532, -15540, -18562, -19518, 11038, -16022, -9956, -11036, -12678, -13330, -12510, -14962, -18112, -22388, -26838, 31818, 31818, -1364, 31817, 2986, -9674, 27898, -15056, -12626, -21084, -11562, -9738, -10454, -7600, -5824, -865, 6303, 5853, 16725, 11194, 16044, 4108, 4104, 2462, 9790, 2744, 4744, 5034, 8542, 12062, 10398, 10534, 8018, 10220, 9250, 7684, 5758, -2142, -5808, -7866, -694, -2758, 6484, 5708, 1614, 11588, 10044, 4728, 9644, 6758, 5934, 5914, 9748, 8464, 7600, 8800, 16528, 17662, 5534, 16688, 5676, 13248, 11372, 7752, 888, 7668, 9232, 9870, 9788, 9744, 10248, 10592, 10644, 10266, 4636, 2382, 2698, 10971, 6342, 16511, 3246, 7600, 6762, 14922, 13484, 7772, 9596, 7046, 7574, 3348, 5282, 2856, 6090, 4392, 8162, 0, 0, 0, 0, 0, 0, 0, 0, 0, 0, 0, 0
-2589, -2969, -5877, 5092, 7957, 8115, 10170, 10582, 12818, 3681, -6246, -14055, -13175, -22425, 2044, -2006, 7868, -2155, 16811, 12355, 21995, 1468, 11885, -3353, -2907, -5503, -5249, -4440, -5047, -3919, -14336, -4981, 11139, -545, 590, -893, -1656, 3117, 5124, -992, -968, -984, -984, -1000, -968, -968, -968, -968, -968, -976, -968, -1008, -984, -968, -968, -984, -984, -984, -1016, -968, -984, -984, -984, -984, -968, -992, -976, -960, -976, -992, -992, -984, -984, -968, -984, -992, -984, -976, -4644, 379, -8425, 13223, 5316, 1643, 5881, 20599, 8705, -4320, -4386, -7466, -2527, -14313, -27983, -1099, -3454, 15782, 11153, 18344, 8028, 2855, 3544, -351, -3971, -3470, -4922, -7987, -9469, -2677, -17606, -4853, 6593, 103, -4846, 1926, -2787, 6398, 4647, 14261, 22068, 29091, 20467, 20381, 7620, -5332, -4834, -7664, -4834, -2724, -10956, -17562, 2134, 15479, 31817, 29235, 22102, 6404, -2624, -18474, -8898, -3850, 2964, 6974, 7768, 4262, 3296, 2296, -2440, 5296, 14982, 19938, 16278, 21724, 16908, 18258, 17414, 6318, 28913, 3686, 5278, 2724, 16340, 15784, 20117, 14590, 23274, 20418, 18316, 24458, 29849, 19100, 9834, 7924, 6880, -1786, 11060, 24386, 25244, 23828, 16748, 17870, 14760, 14604, 14390, 16212, 17376, 22186, 13474, 8198, 8460, 8948, 7234, 6658, 7182, 8514, 12926, -7092, -7628, -11214, -7890, -7782, -6482, -366, 8040, -2392, -3112, -1720, 942, -2586, -5588, -6474, -8016, -3250, 822, -5542, -5580, -1274, -1440, -4158, -6186, -2962, -2150, -246, 1730, 114, -234, -3264, -2948, -2752, 1408, -2214, -624, -1144, -3382, -1826, 0, 0, 0, 0, 0, 0
-13578, -2842, -259, 3459, -1090, -2548, -3588, 1246, 17246, -5005, 2132, 5544, 6544, -12783, 9996, -3913, -824, -2746, 5580, -3894, 3558, -2569, -2440, -3115, 7868, 2209, -10423, -3705, -2727, -9788, -12665, -7118, 10298, 1195, -1913, 2201, 2277, 2932, 4107, -1000, -944, -960, -944, -976, -960, -960, -976, -976, -976, -968, -976, -984, -960, -960, -992, -976, -960, -968, -1000, -968, -984, -968, -984, -968, -968, -992, -984, -984, -968, -968, -968, -960, -976, -976, -5658, 2389, 1855, 29, -12550, -15, -13676, -5418, -18236, -18674, 14025, 27023, 23676, -2499, -4111, -7937, 3263, -12081, -21624, 15387, -19783, 403, -1990, 4263, -11871, 21165, -571, -3473, 10130, -5815, -378, -7242, -8247, -3593, -12937, -1977, 1383, -1629, 1310, 4215, -2527, 4940, 19256, -2756, 22201, 31817, 31817, 26503, 9654, -12012, -8070, -7896, -4346, 2108, 194, -8368, 3530, 9645, 7441, 10528, 16160, 23445, 19849, 8337, 3100, -856, 5028, 6882, 7422, 4746, 2066, 1144, -1320, 5384, 11691, 19483, 17875, 22907, 18771, 24763, 21255, -315, 23400, 6350, 6820, 11268, 20513, 14382, 13232, 11790, 20830, 20704, 16320, 21798, 28463, 21574, 7478, 9084, 1242, 3330, 11622, 9186, 16980, 20528, 14912, 16538, 14622, 13196, 13586, 14572, 15388, 15452, 8080, 4210, 3078, 4524, 5672, 0, -3802, 4038, 6228, 236, -8240, -9558, -5670, -7960, -5658, -4660, 9222, -540, 1452, 1610, -334, -3928, -3802, -8810, -11930, -3676, -1970, -3462, -4390, 670, 2304, -1252, -2864, -906, -4800, 856, 922, 12, -404, -4466, -2794, -3724, 1234, -2652, -1090, -1326, -2956, -762, 0, 0, 0, 0, 0, 0
23029, 11985, 13796, 12068, 4706, 473, -7523, -1134, -2025, -1746, -2270, -1016, -1273, -750, -2232, -7087, -7318, -16469, -16400, -16516, -12741, -9884, -6199, 4057, 4787, 8493, 8620, 9601, 7280, 10443, 10687, 5694, 5630, 2513, -3642, -6790, -17688, -18561, -16911, -1240, -1232, -1240, -1232, -1248, -1216, -1248, -1240, -1224, -1224, -1224, -1216, -1256, -1240, -1232, -1216, -1200, -1240, -1232, -1216, -1224, -1208, -1232, -1224, -1232, -1216, -1232, -1216, -1208, -1224, -1240, -1224, -1240, -1256, -1240, -1232, -1216, -296, 9443, -10724, 6108, 13759, 7489, 483, -1668, 7099, -6522, -4040, -3031, -3443, -3577, -4672, -8497, -7999, -8783, -17059, -17278, -13144, -7448, -12056, 5132, 5474, 7245, 10234, 13070, 8949, 3373, 6314, 10057, 2406, -422, 2249, -3935, -2696, -10354, 655, -4204, 941, 10614, 13374, 16162, 19526, 18900, 15468, 15744, 16140, 14936, 14636, 15360, 15616, 16430, 17864, 18886, 18300, 16412, 18002, 16618, 12516, 7316, 8530, 10056, 10710, 13208, 13108, 13558, 17612, 16844, 16430, 16886, 15810, 16406, 15430, 15198, 21463, 19777, 16789, 12611, 12814, 11312, 7676, 10254, 8636, 1120, 8458, 5644, 4958, 6440, 13432, 14804, 16644, 17473, 12846, 4434, 170, 1184, -1262, 3516, 2896, 3374, 7266, 11352, 13050, 11826, 11380, 10006, 8210, 8298, 6310, 6488, 8286, 10610, 9678, 12376, 12044, 4650, 2170, -2402, -4076, -4212, -5612, -3898, -3270, -2276, -1240, -1816, -1320, -4776, -8094, -10134, -9178, -5474, -3140, 96, 3346, 3534, 1116, -868, -2180, -5266, -2266, -1898, -4066, -3162, -3140, -3150, -2218, -1914, -1094, -2268, -2786, -4184, -8294, -9006, -9704, -3984, 0, 0, 0, 0, 0, 0
23029, 11985, 13796, 12068, 4706, 473, -7523, -1134, -2025, -1746, -2270, -1016, -1273, -750, -2232, -7087, -7318, -16469, -16400, -16516, -12741, -9884, -6199, 4057, 4787, 8493, 8620, 9601, 7280, 10443, 10687, 5694, 5630, 2513, -3642, -6790, -17688, -18561, -16911, -1240, -1232, -1240, -1232, -1248, -1216, -1248, -1240, -1224, -1224, -1224, -1216, -1256, -1240, -1232, -1216, -1200, -1240, -1232, -1216, -1224, -1208, -1232, -1224, -1232, -1216, -1232, -1216, -1208, -1224, -1240, -1224, -1240, -1256, -1240, -1232, -1216, -296, 9443, -10724, 6108, 13759, 7489, 483, -1668, 7099, -6522, -4040, -3031, -3443, -3577, -4672, -8497, -7999, -8783, -17059, -17278, -13144, -7448, -12056, 5132, 5474, 7245, 10234, 13070, 8949, 3373, 6314, 10057, 2406, -422, 2249, -3935, -2696, -10354, 655, -4204, 941, 10614, 13374, 16162, 19526, 18900, 15468, 15744, 16140, 14936, 14636, 15360, 15616, 16430, 17864, 18886, 18300, 16412, 18002, 16618, 12516, 7316, 8530, 10056, 10710, 13208, 13108, 13558, 17612, 16844, 16430, 16886, 15810, 16406, 15430, 15198, 21463, 19777, 16789, 12611, 12814, 11312, 7676, 10254, 8636, 1120, 8458, 5644, 4958, 6440, 13432, 14804, 16644, 17473, 12846, 4434, 170, 1184, -1262, 3516, 2896, 3374, 7266, 11352, 13050, 11826, 11380, 10006, 8210, 8298, 6310, 6488, 8286, 10610, 9678, 12376, 12044, 4650, 2170, -2402, -4076, -4212, -5612, -3898, -3270, -2276, -1240, -1816, -1320, -4776, -8094, -10134, -9178, -5474, -3140, 96, 3346, 3534, 1116, -868, -2180, -5266, -2266, -1898, -4066, -3162, -3140, -3150, -2218, -1914, -1094, -2268, -2786, -4184, -8294, -9006, -9704, -3984, 0, 0, 0, 0, 0, 0
-15791, 20019, 5046, 11188, 18123, -11195, 13642, 14058, -7409, -3777, 5952, -30348, -25627, -20725, -22287, -18625, -26624, -32558, -8878, -10026, 13919, 11399, 5904, 12984, 17862, 15127, 13603, 17095, 18274, 5647, -4353, -5995, -15157, -10316, -13850, -5046, -1046, -1997, -69, -1264, -1272, -1256, -1280, -1272, -1288, -1256, -1280, -1272, -1240, -1248, -1256, -1256, -1272, -1256, -1240, -1272, -1280, -1280, -1256, -1264, -1280, -1256, -1256, -1264, -1256, -1272, -1280, -1280, -1288, -1288, -1280, -1264, -1272, -1272, -1051, 14093, 592, 8443, -1186, -18947, -19718, -11912, -1143, 14165, 8, 7424, 8908, -8083, -5457, 853, -32287, -15294, 450, -9855, 8414, -2501, 15516, 7252, -17672, -18027, -16767, 5914, 6373, 13680, 12765, 17279, 18429, 9354, 1983, -8825, -1817, 13700, 2658, 857, -1400, 1214, -7729, 7217, -9196, -11262, -9342, -12758, -11010, -9438, -10452, -13128, -5656, 8035, 552, -9942, -14838, -5128, -5540, -12284, -7130, -4452, 8369, 8055, -24750, -10746, -9940, -4590, -10506, -13968, -15622, -14102, -16660, -17672, -4439, 2293, -8629, -4209, -1709, -4199, -14131, -17623, 4594, 8782, 444, -4496, -1366, -3252, -6912, 2260, 1806, 16532, 12008, 8522, 64, -5594, 3610, -5854, -7306, -8042, -10172, 15187, -5004, 5834, -7498, 948, -718, 6528, 6954, 4048, 3278, 4436, 23657, 7620, 8612, 7164, 3000, -7128, -7498, -946, -2148, 16359, 10842, 8018, 1026, 11520, 2660, -1852, 22005, 14162, 18852, 8742, 4250, -4824, -5218, -4602, -5584, -12458, -17712, -15202, -13408, -6674, 16041, 20228, 9988, 13218, 11188, 8208, 4620, 424, 1388, 4464, 1440, -236, 6770, 6762, 2202, 4320, 5588, 4230, 0, 0, 0, 0, 0, 0
-5445, 21039, 11082, 6565, 15333, 13108, 9912, 6245, 6653, 9958, 15692, -17038, -16921, -16284, -6788, -18625, -26624, -26881, -24795, -15314, 17057, 11760, 7919, 18196, 23984, 19543, 11735, 12119, 10492, -32, -11095, -14000, -11873, -22056, -26342, -19485, -15749, -2148, 10235, -1232, -1224, -1240, -1232, -1232, -1224, -1208, -1248, -1232, -1224, -1232, -1224, -1232, -1248, -1224, -1232, -1232, -1240, -1248, -1224, -1224, -1256, -1256, -1248, -1224, -1232, -1232, -1248, -1232, -1256, -1264, -1256, -1248, -1232, -1248, -1240, -1216, -1256, -1232, -1651, -14803, -12688, -892, 2619, 6718, 6539, 8896, 7670, -3613, -7083, -9314, -17745, -6697, -21233, -6077, -8806, -9868, -11652, 9468, -14312, -14816, -7785, 13528, 8711, 12976, 739, -751, 7299, 6591, -510, -12382, -5328, 8514, 13448, 7633, -7332, -14158, 10082, 16589, -9272, -8336, -7492, -11418, -10674, -12174, -10832, -12000, -14182, -16914, -21108, -22636, -24288, -17868, -17812, -7734, 11889, 6136, 17959, 12455, -21912, -9376, -10294, -8350, -15714, -14870, -16752, -15854, -19450, -22336, -22366, -19302, -15058, -9196, 7796, 9897, -3798, -10432, 31267, 17436, 1722, 1484, 2834, 2980, 4142, 1382, 4656, 2274, -2518, -3858, -10508, -19682, -16562, -16506, -15170, -5514, 5041, 18331, 70, 13066, 376, 4762, 4258, 3826, 2164, -2700, -3210, -1922, 244, -7826, -9960, -5462, 3474, 1694, 21605, 10320, 12504, 20149, 19476, 15688, 14710, 14398, 9910, 9558, 5442, 3058, 3892, -1600, -4774, -10564, -15682, -14890, -10718, -10384, -7624, 3349, -3590, 10246, 22655, 15952, 9426, 7110, 5438, 1838, -1786, -2666, -2092, 330, -4090, -4684, 3588, 4958, -820, 18824, 2336, 18190, 0, 0, 0, 0, 0, 0
11321, 14810, 9617, 12644, 21138, -8256, 15811, 17738, -9039, -10180, -6458, -14827, -9990, -4450, -17059, -32558, -32558, -26881, -1116, 7218, 12147, 16497, 19972, 16191, 19767, 18675, 18290, 22613, 21703, 3657, -1707, -8755, -27113, -20818, -20066, -18119, -17855, -1447, 9040, -1248, -1232, -1248, -1248, -1240, -1264, -1232, -1248, -1256, -1232, -1248, -1232, -1224, -1240, -1248, -1240, -1256, -1256, -1248, -1232, -1256, -1256, -1264, -1240, -1224, -1240, -1240, -1264, -1264, -1248, -1272, -1256, -1248, -1240, -1240, -1027, 14125, 648, 8475, 29761, -1151, -10989, -7811, -9828, 3576, -5836, -6996, -701, -10827, 16, 11847, -18057, -18385, 404, 573, 6178, 17164, -3165, 6145, 614, -244, -3787, -9366, -14499, -4946, 2081, 7107, 14527, 2826, -3124, -4259, 2274, 4835, -1376, 12798, -1730, -16307, 2621, -8010, -15366, -15924, -17248, -16346, -15474, -14602, -16722, -18918, -9884, 6867, 4662, -6712, -10776, -9794, -7394, -896, 12797, 90, -5488, -11306, -14304, -18916, -21024, -15878, -18442, -19516, -18700, -16782, -15332, -16846, -2743, 4549, -5237, 653, 17001, 17720, -5843, -15985, 5793, 3274, -294, 888, -556, -4256, -8030, -562, -4754, 8462, 5586, 3248, 936, -2348, -4428, 1260, -36, 9952, 17253, 1052, 1030, -2900, -4746, -954, -6336, 2442, 2638, -1444, -1432, -2078, 9353, 370, 4764, 3622, -5310, -12186, 3363, -1486, 864, 3742, 4042, 1510, -1596, 4726, -3066, -10550, 16203, 11012, 15024, 8306, 6788, 4140, -1524, -4792, 666, -478, 3520, 14215, -450, -2340, 5930, 14264, 6818, 3576, 2686, 1418, -6406, -3090, -3480, -4134, -5530, -4448, -3182, -1804, -3022, 14504, -3252, 13960, 0, 0, 0, 0, 0, 0
-8418, 5336, 6696, 8104, 1010, -1396, -1637, 203, -3624, -3007, -2361, -3147, 15265, 13128, 5875, -13020, -223, -2727, 3137, 191, -3249, -961, 9428, 8386, 13185, -13833, -1663, 919, -4324, -6019, -2085, -1070, -91, -2313, -814, -694, -1898, -2593, -1184, -1192, -1208, -1184, -1176, -1184, -1208, -1160, -1192, -1168, -1200, -1184, -1216, -1184, -1200, -1216, -1184, -1192, -1200, -1192, -1200, -1200, -1200, -1184, -1200, -1160, -1184, -1184, -1208, -1200, -1192, -1176, -1192, -1176, -1208, -1192, -1200, -1192, -9490, -32599, -414, 2409, -1514, -1748, -1035, -2322, -5637, -8372, -15339, 749, -32598, -32598, 19364, -20690, -2664, 6435, 3812, 3526, 437, -3265, -5101, 555, 9599, -10176, -5964, 14750, 2927, 4513, 7352, -2766, -404, 2889, -1519, -3220, -1959, -1756, -8944, -21678, 6208, -14350, -11036, -9868, -9446, -7230, -17646, 8420, 1700, 31817, 11521, 31817, 3132, -1060, -12464, -14166, -11806, -14732, -14864, -19936, -21022, -2806, 12637, 14137, 9784, -10608, -17538, -9892, -7284, -6010, -6098, -5850, -4962, -4328, -4038, -4394, 2500, 11378, 14074, 18522, 19698, 13090, 12240, 17154, 20230, 16458, 7934, -9282, 110, 27245, 16363, 6874, 3520, 12642, 15210, 16612, 15080, 16608, 12108, 8070, 23239, 3094, 6624, 7310, 10658, 15546, 18976, 18880, 14574, 15494, 15970, 15482, 15260, 14420, -24, 10418, 2344, -7822, -5518, -4236, -4438, -5518, 4046, 6354, 16668, -9616, -8698, -21038, 8225, 5282, 7258, 1886, -2464, 3236, 2888, 7620, -554, 2254, -16302, -5830, 978, 5738, 6490, 2982, 2880, -3184, -1472, -2406, -3178, -2892, -2462, -1686, 0, 0, 0, 0, 0, 0, 0, 0, 0, 0, 0, 0
-6645, 63, 4585, 10480, 295, -2556, -4035, -11826, -10217, 12656, -22868, -18818, 10996, 12161, 5947, -12536, -1753, 5203, 3598, -4292, -4892, -128, 1424, 1645, 2837, 11310, 5154, -9842, -5942, -1231, -2336, 4453, -679, -1108, -1613, -2432, 219, -1167, -1216, -1224, -1224, -1216, -1208, -1216, -1208, -1208, -1216, -1200, -1224, -1216, -1224, -1224, -1224, -1240, -1208, -1216, -1224, -1200, -1232, -1216, -1232, -1208, -1224, -1200, -1224, -1232, -1248, -1224, -1224, -1224, -1224, -1240, -1216, -1200, -4267, 2423, 12287, -6914, 2057, 4041, -5061, -18605, -20563, -19180, -11576, -19865, -3072, -4780, -7551, -12030, 8522, -3725, 4064, 2947, -7755, -5104, 4880, 964, 3954, 2413, -11800, -1282, -1354, 5315, 4103, 8187, -3945, -1275, -773, 2034, -2424, -8317, -8733, -7557, -11114, -17764, -17140, -14032, -18746, -17622, 10353, 11293, 4226, -10722, 9394, 8982, -10896, 9939, 2420, 5740, -8930, -14904, -17086, -19464, -10668, 2066, 10467, 3466, 5624, 3426, -3294, -7578, -7842, -7296, -6344, -5868, -4816, -3752, 53, 4069, 6203, 9091, 6322, 14942, 21100, 22922, 920, 22069, 17846, 3292, 8360, 12978, 20018, 5232, -2968, 29553, 26923, 14172, 10988, 6406, 9790, 10558, 8304, 14276, 14456, 16362, 12544, 14524, 15256, 19500, 16484, 15806, 16330, 15898, 15214, 15918, 14248, 12810, 5392, 5814, 9250, 5966, 2894, 998, -19826, -17736, -702, 5798, 4588, 1670, 8170, 2344, 12598, -7310, -6198, 2262, 11970, 8008, 2640, -438, -15356, -13480, -2152, -4262, 1034, -694, 3574, -1506, -2464, -1200, -1564, -3678, -1152, -1084, -968, -972, -698, -162, 0, 0, 0, 0, 0, 0, 0, 0, 0, 0, 0, 0
-12108, -1866, -4986, 6630, 3303, -627, -3893, -10365, -11499, 13834, -12051, -775, 4873, 4611, 1591, 6735, 10834, 5325, 2696, -3195, -4003, -2101, 7119, 8927, 18059, -7414, 2277, -7005, -10458, -7457, -5233, 2053, 61, -1978, 26, -972, -807, -2674, -1200, -1184, -1216, -1184, -1184, -1200, -1200, -1200, -1208, -1184, -1224, -1200, -1224, -1224, -1192, -1224, -1208, -1208, -1224, -1208, -1200, -1200, -1216, -1192, -1208, -1192, -1208, -1200, -1224, -1192, -1200, -1200, -1216, -1200, -1208, -1192, -4251, 2447, -10821, -6914, -430, 603, -6437, -15741, -13070, -15740, -11432, -21104, 1899, 21338, -7551, -12030, 14622, -15634, -2379, -2668, -12880, -16240, -6791, -8871, 2743, 11635, 8100, -6261, -7756, 15795, 9594, 12290, 2331, -1217, 592, 4767, -3267, -9445, -7680, -8853, -7324, -16820, 9242, -14224, -16248, -15388, 12017, 13293, -3042, 12676, -20724, 8981, 9399, 9939, -5974, -19926, -20036, -17052, -14998, -17378, -13586, -4600, 327, 11062, 24803, 21105, 11376, -14504, -21386, -11906, -8346, -6396, -5244, -3544, 397, 4791, 7127, 10039, 13418, 17392, 21722, 21464, 3886, 23487, 16858, 3046, 15614, 16544, 2748, 10634, 18442, 24332, 10820, 15690, 14984, 9624, 12848, 10022, 8384, 15084, 7808, 9268, 21771, 1554, 8968, 10574, 11390, 18328, 19774, 18474, 14968, 15816, 14686, 12512, 5648, 5878, -11538, 6332, 9938, 4044, -18460, -17672, -1240, 3920, 8614, 5772, 3014, -15828, -11472, -16808, 18343, 9600, 7612, 5646, 0, -5742, -13160, -4748, 330, -2024, -15432, -1564, 5216, 7188, 7102, 2510, 3784, -4670, -320, -1322, -2210, -1920, -1764, -1524, 0, 0, 0, 0, 0, 0, 0, 0, 0, 0, 0, 0
-21569, -7991, 11252, 28193, -7242, -5587, 19165, 15240, 13290, 11272, 10117, 7505, 15706, -12807, -29715, -5632, -32558, -32558, 3986, 24665, 26996, -2184, -3927, 24099, 18326, 21622, 6684, -12390, -17496, -20285, -31952, -7382, -32558, -19826, -5083, -4648, 25465, 17743, 5186, -960, -952, -960, -960, -976, -944, -952, -976, -960, -968, -968, -984, -968, -952, -952, -960, -952, -952, -960, -968, -960, -992, -960, -976, -1000, -968, -976, -992, -984, -976, -928, -976, -984, -984, -960, -960, -968, 4349, 1008, -4617, -32598, -6783, -13707, 3286, 19015, -3150, -5225, 5534, 9152, 3929, -4489, -6272, -7880, -32492, 2765, -16440, -13205, -6398, -516, -15273, 11887, 14262, -7569, 462, -2106, 3259, -12913, -17548, -12834, -6328, -16327, -451, 3673, 169, -14908, 20208, 4329, -14636, -10144, 11947, 12065, 7050, -3378, -18262, -14396, -14338, -15276, 10932, 10829, 10019, 5195, 16172, -14142, -8596, 4538, 10538, 11093, 3454, -4292, -10026, 13832, -19320, -16188, -638, 7963, 5049, 1555, 24204, -10328, -848, 7561, 7521, 3098, -14317, 3343, 9305, 7273, 22957, -7976, -7942, 13816, 23896, 21860, 11974, 14248, 11390, 13240, 6288, 5544, 13892, 31691, 27359, 20404, 14632, 4448, 1728, 2346, 15642, 8690, 30091, 26865, 27755, 21074, 9566, 5000, 16992, 26832, 28543, 27477, -730, -838, -2826, 19828, 16466, 15682, 15132, -15746, -14494, 5076, 1108, -5592, -3932, -2030, -9552, -13428, -15324, 4314, 1724, -3792, -13980, -13174, -13032, -4942, -5792, -610, -5024, -6140, -14396, -19900, -16672, -19778, 4040, 8564, -1550, -7550, -18780, -19120, -18206, -2620, 1136, 2844, -3524, -3680, 1470, -876, 0, 0, 0, 0, 0, 0
6665, -7991, -6045, -766, -7242, 25330, 15888, 13678, 13682, 11718, 11308, 8926, 15182, -21783, -21185, -5632, -32558, -32558, 21299, 30016, -2460, -2184, -3927, 20932, 14609, 19185, 7144, -13923, -15881, -18157, -17595, -7382, -32558, -32558, -32558, 23292, 23434, -7669, -16783, -1024, -1000, -1040, -1048, -1024, -1016, -1008, -1040, -1024, -1032, -1048, -1032, -1024, -1040, -1008, -1024, -1016, -1024, -1024, -1032, -1048, -1048, -1032, -1040, -1064, -1040, -1040, -1056, -1064, -1048, -1048, -1032, -1064, -1056, -1032, -1032, -1032, 4277, 936, -32598, -14371, 7841, 15844, -21250, 15921, 9901, -6015, 7151, 11656, 2552, -5563, -11766, -5748, -21485, -2423, -13606, -7866, -12247, 11967, -15217, -17957, 10730, -9072, 2436, 2702, 2726, -19599, -21472, -5023, -5551, -15776, 11223, -4643, -8851, -2630, 26967, -11654, 3252, 6478, -15374, 6528, -4902, -11722, -14344, -12158, -11510, -13506, 12012, 10917, 8475, 7163, -10908, -14360, -16124, -354, 12277, 11093, 2702, -5488, -9444, 12846, -20722, -16232, -362, 10147, 10823, 11195, 2676, -7094, -16054, -2798, 7521, 9117, 9002, 16417, 12165, 6809, 15252, 21387, 12408, 15952, 22724, 20700, 13518, 15586, 14228, 15864, 8194, 7870, 17222, 28462, 27359, 19692, 12858, 7840, -876, 7368, 12548, 13040, 26429, 26595, 25619, 23600, 8404, 3582, 11110, 22654, 21702, 27477, 23714, 4936, -1250, 2790, 10730, 7266, 17462, -15746, -16236, -4590, -3068, -1532, -5918, -3788, -10736, -16596, -15030, 4198, 1684, -2776, -4422, -12328, -15024, -8440, -14186, 13200, -6336, -11018, -15328, -21232, -20348, -19108, 4356, 7388, -850, -3916, -10246, -6462, -21686, -17338, -10590, 600, 13024, 2718, -2114, -3062, 0, 0, 0, 0, 0, 0
-4324, -32558, -15261, -3599, -32559, -1642, 12801, 14599, 9160, 6803, 7892, 3610, 3026, -2032, -24028, -32558, -32558, -32558, -1157, 25386, -3102, -32559, -32559, 25238, 20617, 15090, 11336, 6244, -819, -5885, -18200, -32558, -32558, -19826, -5083, -4619, 26590, -7146, -10589, -960, -960, -976, -952, -976, -968, -952, -976, -976, -992, -976, -976, -968, -968, -968, -960, -960, -968, -976, -976, -984, -984, -968, -960, -1008, -984, -992, -992, -976, -952, -968, -1000, -992, -1000, -968, -984, -976, -984, -952, -4617, -14370, 776, -3047, -8062, 22073, 9836, -7183, 2759, 4648, 4564, 6360, -3671, -9389, -21378, -15268, -6529, -19394, -25136, 4324, -32655, -2754, 27980, 15956, -5299, 5905, 3501, 86, -6422, -11105, -15608, 495, -20924, -12073, -5509, -20321, 15358, -16615, 66, 15196, 4495, 26279, 11762, -5782, -21844, -16408, -12418, -10676, -8874, -10070, -13322, -19458, 5006, -21692, -7730, 13578, 30077, 31817, 17322, 5758, -2252, -6072, -10512, -9806, -10814, -13706, -15944, -19066, 10290, -16252, -2992, 21457, 31817, 25797, 8497, 3076, -3354, -6178, 24761, 3103, -8842, 18744, 30868, 29692, 14340, 18022, 14142, 16504, 17494, 21290, 21114, 29237, 32467, 23736, 13586, -1264, -16144, -2042, 12790, 21954, 24054, 20994, 20908, 18398, 17622, 18910, 21002, 22522, 25625, 32467, 4940, -9990, -4144, 13634, 15380, 22036, 25134, -32768, -30642, -830, -2684, -9760, -11286, -5878, -112, 2744, 2414, 2248, -884, -4956, -16550, -24486, -27012, -12810, -14282, 14602, 24, 3626, -4976, -8364, -5864, -6118, -4592, -4304, -4968, -8990, -13074, -17470, -29288, -17434, -9454, 3444, 9500, -962, -644, -3938, 0, 0, 0, 0, 0, 0
